topic,question,difficulty,explanation,choice_a,choice_b,choice_c,choice_d,choice_e,answer
Numerical Ability,Renz deposits P3000 in a cooperative savings plan that earns 3% simple interest per year. How much interest will the deposit earn after 3 year(s)?,medium,Simple interest = Principal x Rate x Time = P3000 x 0.03 x 3 = P270.,P135,P405,P337.50,P270,,D
Numerical Ability,A palengke vendor buys sacks of rice at P40 each and sells them at P46 each. What is the vendor's percentage profit?,medium,Percentage profit = (Selling price - Cost price)/Cost price x 100 = (P46 - P40)/P40 x 100 = 15%.,10%,20%,15%,5%,,C
Numerical Ability,"A farmers' cooperative harvested 138 kilos of bananas. If 5/6 of the harvest was sold to a wholesaler, how many kilos were sold?",easy,Kilos sold = (5/6) x 138 kg = 115 kg.,92 kg,23 kg,115 kg,46 kg,,C
Numerical Ability,"Worker A can pack the donation boxes alone in 6 hours, and Worker B can do the same job alone in 8 hours. Working together, how many hours will they need?",medium,Combined rate = 1/A + 1/B = 1/6 + 1/8. Time together = (A x B)/(A+B) = (6x8)/(6+8) = 3.43 hours.,6.17 hours,1.71 hours,2.40 hours,3.43 hours,,D
Numerical Ability,Dianne deposits P20000 in a cooperative savings plan that earns 2% simple interest per year. How much interest will the deposit earn after 1 year(s)?,medium,Simple interest = Principal x Rate x Time = P20000 x 0.02 x 1 = P400.,P400,P800,P600,P200,,A
Numerical Ability,"A farmers' cooperative harvested 66 kilos of bananas. If 1/3 of the harvest was sold to a wholesaler, how many kilos were sold?",easy,Kilos sold = (1/3) x 66 kg = 22 kg.,44 kg,22 kg,30.70 kg,34.40 kg,,B
Numerical Ability,"A farmers' cooperative harvested 136 kilos of tomatoes. If 1/4 of the harvest was sold to a wholesaler, how many kilos were sold?",easy,Kilos sold = (1/4) x 136 kg = 34 kg.,68 kg,34 kg,46.40 kg,102 kg,,B
Numerical Ability,"Out of 80 school chairs inspected at a warehouse, 5 were found defective. What percentage were defective?",medium,Defective rate = (defective/total) x 100 = (5/80) x 100 = 6.25%.,9.38%,6.25%,8.12%,8.75%,,B
Numerical Ability,A school supply store marks down a P375 office chair by 35% for a back-to-school promo. What is the discounted price?,easy,Discounted price = original price x (1 - discount%) = P375 x 0.65 = P243.75.,P207.19,P268.12,P243.75,P292.50,,C
Numerical Ability,"A tailor has 15 meters of cloth. If each barong requires 3 meters, how many complete barongs can be made?",easy,Complete pieces = floor(total meters / meters per piece) = floor(15 / 3) = 5.,3 barongs,4 barongs,5 barongs,6 barongs,,C
Numerical Ability,A palengke vendor buys sacks of rice at P70 each and sells them at P98 each. What is the vendor's percentage profit?,medium,Percentage profit = (Selling price - Cost price)/Cost price x 100 = (P98 - P70)/P70 x 100 = 40%.,35%,40%,30%,48%,,B
Numerical Ability,Aldwin deposits P9000 in a cooperative savings plan that earns 4% simple interest per year. How much interest will the deposit earn after 3 year(s)?,medium,Simple interest = Principal x Rate x Time = P9000 x 0.04 x 3 = P1080.,P1080,P864,P2160,P540,,A
Numerical Ability,A school supply store marks down a P199 raincoat by 30% for a back-to-school promo. What is the discounted price?,easy,Discounted price = original price x (1 - discount%) = P199 x 0.70 = P139.30.,P139.30,P125.37,P153.23,P118.40,,A
Numerical Ability,Faye deposits P9000 in a cooperative savings plan that earns 4% simple interest per year. How much interest will the deposit earn after 2 year(s)?,medium,Simple interest = Principal x Rate x Time = P9000 x 0.04 x 2 = P720.,P720,P360,P900,P1440,,A
Numerical Ability,Bea deposits P20000 in a cooperative savings plan that earns 7% simple interest per year. How much interest will the deposit earn after 3 year(s)?,medium,Simple interest = Principal x Rate x Time = P20000 x 0.07 x 3 = P4200.,P4200,P5250,P2100,P3360,,A
Numerical Ability,"Worker A can wash the tricycles alone in 4 hours, and Worker B can do the same job alone in 12 hours. Working together, how many hours will they need?",medium,Combined rate = 1/A + 1/B = 1/4 + 1/12. Time together = (A x B)/(A+B) = (4x12)/(4+12) = 3 hours.,3 hours,2.10 hours,1.80 hours,6 hours,,A
Numerical Ability,A school supply store marks down a P850 ballpen set by 30% for a back-to-school promo. What is the discounted price?,easy,Discounted price = original price x (1 - discount%) = P850 x 0.70 = P595.,P535.50,P595,P684.25,P565.25,,B
Numerical Ability,Shaira deposits P9000 in a cooperative savings plan that earns 8% simple interest per year. How much interest will the deposit earn after 3 year(s)?,medium,Simple interest = Principal x Rate x Time = P9000 x 0.08 x 3 = P2160.,P2700,P2160,P4320,P1728,,B
Numerical Ability,"Karen is currently 14 years old, and her sister is 3 years older. In 7 years, how old will her sister be?",easy,her sister's current age = 14+3 = 17. In 7 years: 17+7 = 24 years old.,27 years old,21 years old,24 years old,17 years old,,C
Numerical Ability,Bea deposits P12000 in a cooperative savings plan that earns 3% simple interest per year. How much interest will the deposit earn after 1 year(s)?,medium,Simple interest = Principal x Rate x Time = P12000 x 0.03 x 1 = P360.,P540,P180,P360,P432,,C
Numerical Ability,"Worker A can clean the barangay hall alone in 8 hours, and Worker B can do the same job alone in 6 hours. Working together, how many hours will they need?",medium,Combined rate = 1/A + 1/B = 1/8 + 1/6. Time together = (A x B)/(A+B) = (8x6)/(8+6) = 3.43 hours.,2.06 hours,3.43 hours,5.14 hours,6.17 hours,,B
Numerical Ability,"Worker A can repaint a fence alone in 3 hours, and Worker B can do the same job alone in 8 hours. Working together, how many hours will they need?",medium,Combined rate = 1/A + 1/B = 1/3 + 1/8. Time together = (A x B)/(A+B) = (3x8)/(3+8) = 2.18 hours.,3.27 hours,1.09 hours,2.18 hours,4.36 hours,,C
Numerical Ability,Renz deposits P12000 in a cooperative savings plan that earns 4% simple interest per year. How much interest will the deposit earn after 2 year(s)?,medium,Simple interest = Principal x Rate x Time = P12000 x 0.04 x 2 = P960.,P1152,P960,P720,P480,,B
Numerical Ability,A school supply store marks down a P899 umbrella by 5% for a back-to-school promo. What is the discounted price?,easy,Discounted price = original price x (1 - discount%) = P899 x 0.95 = P854.05.,P982.16,P939.46,P854.05,P811.35,,C
Numerical Ability,"A tailor has 24 meters of cloth. If each barong requires 2.50 meters, how many complete barongs can be made?",easy,Complete pieces = floor(total meters / meters per piece) = floor(24 / 2.50) = 9.,7 barongs,11 barongs,10 barongs,9 barongs,,D
Numerical Ability,"A farmers' cooperative harvested 70 kilos of calamansi. If 1/5 of the harvest was sold to a wholesaler, how many kilos were sold?",easy,Kilos sold = (1/5) x 70 kg = 14 kg.,14 kg,56 kg,42 kg,28 kg,,A
Numerical Ability,"If 5x + 26 = 66, what is the value of x?",medium,5x = 66 - 26 = 40. x = 40/5 = 8.,11,5,7,8,,D
Numerical Ability,"A tailor has 30 meters of cloth. If each barong requires 3 meters, how many complete barongs can be made?",easy,Complete pieces = floor(total meters / meters per piece) = floor(30 / 3) = 10.,7 barongs,12 barongs,10 barongs,13 barongs,,C
Numerical Ability,"Worker A can water the community garden alone in 2 hours, and Worker B can do the same job alone in 4 hours. Working together, how many hours will they need?",medium,Combined rate = 1/A + 1/B = 1/2 + 1/4. Time together = (A x B)/(A+B) = (2x4)/(2+4) = 1.33 hours.,1.33 hours,2.40 hours,2.67 hours,2 hours,,A
Numerical Ability,Rico and Tess split a P1800 sari-sari store profit in the ratio 1:3. How much does Rico (the 1-part) receive?,medium,Rico's share = (a/(a+b)) x total = (1/4) x P1800 = P450.,P540,P225,P450,P360,,C
Numerical Ability,"Worker A can water the community garden alone in 10 hours, and Worker B can do the same job alone in 12 hours. Working together, how many hours will they need?",medium,Combined rate = 1/A + 1/B = 1/10 + 1/12. Time together = (A x B)/(A+B) = (10x12)/(10+12) = 5.45 hours.,10.91 hours,5.45 hours,3.82 hours,9.82 hours,,B
Numerical Ability,A delivery van travels 18 km at a steady speed of 24 km/h. How many hours will the trip take?,easy,Time = Distance / Speed = 18 km / 24 km/h = 0.75 hours.,0.75 hours,1.05 hours,1.12 hours,0.38 hours,,A
Numerical Ability,"Ella is currently 28 years old, and her cousin is 11 years older. In 7 years, how old will her cousin be?",easy,her cousin's current age = 28+11 = 39. In 7 years: 39+7 = 46 years old.,39 years old,46 years old,53 years old,35 years old,,B
Numerical Ability,"A barangay health worker logged the number of walk-in patients over 4 days: 15, 9, 16, 18. What was the average number of patients per day?",easy,Average = total patients / number of days = 58 / 4 = 14.50.,12.32,17.40,14.50,15.95,,C
Numerical Ability,Jasmine deposits P5000 in a cooperative savings plan that earns 8% simple interest per year. How much interest will the deposit earn after 2 year(s)?,medium,Simple interest = Principal x Rate x Time = P5000 x 0.08 x 2 = P800.,P800,P1000,P400,P640,,A
Numerical Ability,A palengke vendor buys sacks of rice at P28 each and sells them at P35 each. What is the vendor's percentage profit?,medium,Percentage profit = (Selling price - Cost price)/Cost price x 100 = (P35 - P28)/P28 x 100 = 25%.,35%,17%,25%,20%,,C
Numerical Ability,Renz deposits P18000 in a cooperative savings plan that earns 4% simple interest per year. How much interest will the deposit earn after 2 year(s)?,medium,Simple interest = Principal x Rate x Time = P18000 x 0.04 x 2 = P1440.,P1440,P1800,P1728,P2880,,A
Numerical Ability,A school supply store marks down a P850 desk lamp by 5% for a back-to-school promo. What is the discounted price?,easy,Discounted price = original price x (1 - discount%) = P850 x 0.95 = P807.50.,P686.38,P969,P807.50,P726.75,,C
Numerical Ability,"A tailor has 30 meters of cloth. If each barong requires 2 meters, how many complete barongs can be made?",easy,Complete pieces = floor(total meters / meters per piece) = floor(30 / 2) = 15.,14 barongs,18 barongs,15 barongs,12 barongs,,C
Numerical Ability,A palengke vendor buys sacks of rice at P20 each and sells them at P23 each. What is the vendor's percentage profit?,medium,Percentage profit = (Selling price - Cost price)/Cost price x 100 = (P23 - P20)/P20 x 100 = 15%.,15%,7%,5%,23%,,A
Numerical Ability,Shaira deposits P12000 in a cooperative savings plan that earns 7% simple interest per year. How much interest will the deposit earn after 3 year(s)?,medium,Simple interest = Principal x Rate x Time = P12000 x 0.07 x 3 = P2520.,P3150,P2520,P1890,P3780,,B
Numerical Ability,A provincial bus travels 18 km at a steady speed of 48 km/h. How many hours will the trip take?,easy,Time = Distance / Speed = 18 km / 48 km/h = 0.38 hours.,0.28 hours,0.56 hours,0.22 hours,0.38 hours,,D
Numerical Ability,Noel and Mia split a P1000 sari-sari store profit in the ratio 5:7. How much does Noel (the 5-part) receive?,medium,Noel's share = (a/(a+b)) x total = (5/12) x P1000 = P416.67.,P625,P416.67,P333.33,P208.33,,B
Numerical Ability,"A farmers' cooperative harvested 192 kilos of calamansi. If 3/6 of the harvest was sold to a wholesaler, how many kilos were sold?",easy,Kilos sold = (3/6) x 192 kg = 96 kg.,96 kg,160 kg,128 kg,32 kg,,A
Numerical Ability,Anna and Noel split a P600 sari-sari store profit in the ratio 1:2. How much does Anna (the 1-part) receive?,medium,Anna's share = (a/(a+b)) x total = (1/3) x P600 = P200.,P100,P140,P240,P200,,D
Numerical Ability,"A farmers' cooperative harvested 80 kilos of rice. If 3/4 of the harvest was sold to a wholesaler, how many kilos were sold?",easy,Kilos sold = (3/4) x 80 kg = 60 kg.,60 kg,20 kg,72.40 kg,40 kg,,A
Numerical Ability,Rico and Cara split a P2000 sari-sari store profit in the ratio 3:5. How much does Rico (the 3-part) receive?,medium,Rico's share = (a/(a+b)) x total = (3/8) x P2000 = P750.,P900,P600,P750,P525,,C
Numerical Ability,"Karen is currently 35 years old, and her sister is 3 years older. In 9 years, how old will her sister be?",easy,her sister's current age = 35+3 = 38. In 9 years: 38+9 = 47 years old.,56 years old,38 years old,44 years old,47 years old,,D
Numerical Ability,A school supply store marks down a P240 notebook bundle by 40% for a back-to-school promo. What is the discounted price?,easy,Discounted price = original price x (1 - discount%) = P240 x 0.60 = P144.,P136.80,P144,P165.60,P151.20,,B
Numerical Ability,"A barangay health worker logged the number of walk-in patients over 6 days: 12, 18, 25, 23, 15, 19. What was the average number of patients per day?",easy,Average = total patients / number of days = 112 / 6 = 18.67.,24.27,22.40,18.67,14.93,,C
Numerical Ability,"A farmers' cooperative harvested 72 kilos of mangoes. If 3/4 of the harvest was sold to a wholesaler, how many kilos were sold?",easy,Kilos sold = (3/4) x 72 kg = 54 kg.,36 kg,18 kg,54 kg,66.40 kg,,C
Numerical Ability,"A farmers' cooperative harvested 96 kilos of corn. If 4/6 of the harvest was sold to a wholesaler, how many kilos were sold?",easy,Kilos sold = (4/6) x 96 kg = 64 kg.,64 kg,80 kg,32 kg,48 kg,,A
Numerical Ability,A palengke vendor buys sacks of rice at P22 each and sells them at P27.50 each. What is the vendor's percentage profit?,medium,Percentage profit = (Selling price - Cost price)/Cost price x 100 = (P27.50 - P22)/P22 x 100 = 25%.,15%,33%,20%,25%,,D
Numerical Ability,A palengke vendor buys sacks of rice at P28 each and sells them at P32.20 each. What is the vendor's percentage profit?,medium,Percentage profit = (Selling price - Cost price)/Cost price x 100 = (P32.20 - P28)/P28 x 100 = 15%.,20%,7%,15%,25%,,C
Numerical Ability,"A barangay health worker logged the number of walk-in patients over 6 days: 12, 1, 4, 13, 12, 10. What was the average number of patients per day?",easy,Average = total patients / number of days = 52 / 6 = 8.67.,7.37,7.80,8.67,11.27,,C
Numerical Ability,"A barangay health worker logged the number of walk-in patients over 5 days: 13, 7, 9, 11, 8. What was the average number of patients per day?",easy,Average = total patients / number of days = 48 / 5 = 9.60.,7.68,9.60,8.16,10.56,,B
Numerical Ability,A school supply store marks down a P375 desk lamp by 5% for a back-to-school promo. What is the discounted price?,easy,Discounted price = original price x (1 - discount%) = P375 x 0.95 = P356.25.,P338.44,P356.25,P409.69,P320.62,,B
Numerical Ability,"Worker A can repaint a fence alone in 6 hours, and Worker B can do the same job alone in 4 hours. Working together, how many hours will they need?",medium,Combined rate = 1/A + 1/B = 1/6 + 1/4. Time together = (A x B)/(A+B) = (6x4)/(6+4) = 2.40 hours.,1.44 hours,3.60 hours,2.40 hours,1.20 hours,,C
Numerical Ability,A jeepney travels 12 km at a steady speed of 24 km/h. How many hours will the trip take?,easy,Time = Distance / Speed = 12 km / 24 km/h = 0.50 hours.,0.25 hours,0.88 hours,0.50 hours,0.75 hours,,C
Numerical Ability,"Out of 80 LED bulbs inspected at a warehouse, 5 were found defective. What percentage were defective?",medium,Defective rate = (defective/total) x 100 = (5/80) x 100 = 6.25%.,3.75%,9.38%,6.25%,4.38%,,C
Numerical Ability,Bea deposits P5000 in a cooperative savings plan that earns 5% simple interest per year. How much interest will the deposit earn after 1 year(s)?,medium,Simple interest = Principal x Rate x Time = P5000 x 0.05 x 1 = P250.,P250,P500,P187.50,P125,,A
Numerical Ability,"Out of 100 LED bulbs inspected at a warehouse, 4 were found defective. What percentage were defective?",medium,Defective rate = (defective/total) x 100 = (4/100) x 100 = 4%.,5.60%,2.80%,3.20%,4%,,D
Numerical Ability,"A tailor has 45 meters of cloth. If each barong requires 3 meters, how many complete barongs can be made?",easy,Complete pieces = floor(total meters / meters per piece) = floor(45 / 3) = 15.,16 barongs,17 barongs,15 barongs,14 barongs,,C
Numerical Ability,"If 6x + 10 = 70, what is the value of x?",medium,6x = 70 - 10 = 60. x = 60/6 = 10.,8,7,12,10,,D
Numerical Ability,Bea and Noel split a P600 sari-sari store profit in the ratio 1:2. How much does Bea (the 1-part) receive?,medium,Bea's share = (a/(a+b)) x total = (1/3) x P600 = P200.,P200,P260,P100,P300,,A
Numerical Ability,Jun and Noel split a P1500 sari-sari store profit in the ratio 4:5. How much does Jun (the 4-part) receive?,medium,Jun's share = (a/(a+b)) x total = (4/9) x P1500 = P666.67.,P666.67,P1000,P800,P466.67,,A
Numerical Ability,"Worker A can repaint a fence alone in 10 hours, and Worker B can do the same job alone in 3 hours. Working together, how many hours will they need?",medium,Combined rate = 1/A + 1/B = 1/10 + 1/3. Time together = (A x B)/(A+B) = (10x3)/(10+3) = 2.31 hours.,4.15 hours,1.38 hours,2.31 hours,4.62 hours,,C
Numerical Ability,"A tailor has 15 meters of cloth. If each barong requires 2.50 meters, how many complete barongs can be made?",easy,Complete pieces = floor(total meters / meters per piece) = floor(15 / 2.50) = 6.,6 barongs,4 barongs,7 barongs,9 barongs,,A
Numerical Ability,A jeepney travels 24 km at a steady speed of 60 km/h. How many hours will the trip take?,easy,Time = Distance / Speed = 24 km / 60 km/h = 0.40 hours.,0.40 hours,0.30 hours,0.20 hours,0.56 hours,,A
Numerical Ability,"Grace is currently 31 years old, and her aunt is 6 years older. In 3 years, how old will her aunt be?",easy,her aunt's current age = 31+6 = 37. In 3 years: 37+3 = 40 years old.,46 years old,40 years old,37 years old,34 years old,,B
Numerical Ability,"Ella is currently 31 years old, and her cousin is 6 years older. In 7 years, how old will her cousin be?",easy,her cousin's current age = 31+6 = 37. In 7 years: 37+7 = 44 years old.,44 years old,38 years old,51 years old,37 years old,,A
Numerical Ability,Anna and Rico split a P2000 sari-sari store profit in the ratio 2:3. How much does Anna (the 2-part) receive?,medium,Anna's share = (a/(a+b)) x total = (2/5) x P2000 = P800.,P1200,P640,P1040,P800,,D
Numerical Ability,A delivery van travels 48 km at a steady speed of 30 km/h. How many hours will the trip take?,easy,Time = Distance / Speed = 48 km / 30 km/h = 1.60 hours.,2.40 hours,1.60 hours,2.80 hours,1.20 hours,,B
Numerical Ability,"Grace is currently 20 years old, and her aunt is 5 years older. In 5 years, how old will her aunt be?",easy,her aunt's current age = 20+5 = 25. In 5 years: 25+5 = 30 years old.,40 years old,35 years old,30 years old,25 years old,,C
Numerical Ability,"A barangay health worker logged the number of walk-in patients over 4 days: 1, 11, 9, 8. What was the average number of patients per day?",easy,Average = total patients / number of days = 29 / 4 = 7.25.,7.25,7.98,8.70,9.43,,A
Numerical Ability,Tess and Bea split a P750 sari-sari store profit in the ratio 5:7. How much does Tess (the 5-part) receive?,medium,Tess's share = (a/(a+b)) x total = (5/12) x P750 = P312.50.,P312.50,P406.25,P250,P375,,A
Numerical Ability,"A tailor has 27 meters of cloth. If each barong requires 1.50 meters, how many complete barongs can be made?",easy,Complete pieces = floor(total meters / meters per piece) = floor(27 / 1.50) = 18.,20 barongs,19 barongs,18 barongs,21 barongs,,C
Numerical Ability,A school supply store marks down a P480 notebook bundle by 12.50% for a back-to-school promo. What is the discounted price?,easy,Discounted price = original price x (1 - discount%) = P480 x 0.88 = P420.,P462,P441,P399,P420,,D
Numerical Ability,"If 2x + 16 = 22, what is the value of x?",medium,2x = 22 - 16 = 6. x = 6/2 = 3.,2,7,5,3,,D
Numerical Ability,"If 5x + 16 = 81, what is the value of x?",medium,5x = 81 - 16 = 65. x = 65/5 = 13.,13,12,11,14,,A
Numerical Ability,"Tonyo is currently 13 years old, and his nephew is 8 years older. In 8 years, how old will his nephew be?",easy,his nephew's current age = 13+8 = 21. In 8 years: 21+8 = 29 years old.,37 years old,21 years old,29 years old,45 years old,,C
Numerical Ability,A jeepney travels 45 km at a steady speed of 60 km/h. How many hours will the trip take?,easy,Time = Distance / Speed = 45 km / 60 km/h = 0.75 hours.,1.31 hours,0.75 hours,0.45 hours,0.56 hours,,B
Numerical Ability,A school supply store marks down a P280 backpack by 20% for a back-to-school promo. What is the discounted price?,easy,Discounted price = original price x (1 - discount%) = P280 x 0.80 = P224.,P268.80,P212.80,P224,P235.20,,C
Numerical Ability,"A farmers' cooperative harvested 63 kilos of corn. If 2/3 of the harvest was sold to a wholesaler, how many kilos were sold?",easy,Kilos sold = (2/3) x 63 kg = 42 kg.,54.40 kg,21 kg,50.70 kg,42 kg,,D
Numerical Ability,"Worker A can repaint a fence alone in 6 hours, and Worker B can do the same job alone in 12 hours. Working together, how many hours will they need?",medium,Combined rate = 1/A + 1/B = 1/6 + 1/12. Time together = (A x B)/(A+B) = (6x12)/(6+12) = 4 hours.,4 hours,2.80 hours,8 hours,2.40 hours,,A
Numerical Ability,Anna and Bea split a P750 sari-sari store profit in the ratio 5:7. How much does Anna (the 5-part) receive?,medium,Anna's share = (a/(a+b)) x total = (5/12) x P750 = P312.50.,P375,P250,P312.50,P218.75,,C
Numerical Ability,A jeepney travels 20 km at a steady speed of 48 km/h. How many hours will the trip take?,easy,Time = Distance / Speed = 20 km / 48 km/h = 0.42 hours.,0.42 hours,0.25 hours,0.31 hours,0.62 hours,,A
Numerical Ability,"A farmers' cooperative harvested 288 kilos of mangoes. If 5/6 of the harvest was sold to a wholesaler, how many kilos were sold?",easy,Kilos sold = (5/6) x 288 kg = 240 kg.,144 kg,48 kg,240 kg,96 kg,,C
Numerical Ability,A palengke vendor buys sacks of rice at P40 each and sells them at P44 each. What is the vendor's percentage profit?,medium,Percentage profit = (Selling price - Cost price)/Cost price x 100 = (P44 - P40)/P40 x 100 = 10%.,23%,10%,15%,5%,,B
Numerical Ability,"Ella is currently 21 years old, and her cousin is 9 years older. In 9 years, how old will her cousin be?",easy,her cousin's current age = 21+9 = 30. In 9 years: 30+9 = 39 years old.,39 years old,48 years old,57 years old,30 years old,,A
Numerical Ability,"A barangay health worker logged the number of walk-in patients over 4 days: 20, 11, 12, 12. What was the average number of patients per day?",easy,Average = total patients / number of days = 55 / 4 = 13.75.,12.38,11,13.75,16.50,,C
Numerical Ability,"A tailor has 33 meters of cloth. If each barong requires 1.50 meters, how many complete barongs can be made?",easy,Complete pieces = floor(total meters / meters per piece) = floor(33 / 1.50) = 22.,25 barongs,22 barongs,21 barongs,24 barongs,,B
Numerical Ability,"Out of 150 LED bulbs inspected at a warehouse, 14 were found defective. What percentage were defective?",medium,Defective rate = (defective/total) x 100 = (14/150) x 100 = 9.33%.,12.13%,14%,9.33%,7.47%,,C
Numerical Ability,"A barangay health worker logged the number of walk-in patients over 5 days: 12, 17, 13, 8, 8. What was the average number of patients per day?",easy,Average = total patients / number of days = 58 / 5 = 11.60.,10.44,9.28,13.92,11.60,,D
Numerical Ability,Mico deposits P15000 in a cooperative savings plan that earns 2% simple interest per year. How much interest will the deposit earn after 1 year(s)?,medium,Simple interest = Principal x Rate x Time = P15000 x 0.02 x 1 = P300.,P360,P300,P150,P600,,B
Numerical Ability,"A farmers' cooperative harvested 255 kilos of coconuts. If 4/5 of the harvest was sold to a wholesaler, how many kilos were sold?",easy,Kilos sold = (4/5) x 255 kg = 204 kg.,102 kg,153 kg,204 kg,51 kg,,C
Numerical Ability,"Ella is currently 6 years old, and her cousin is 4 years older. In 5 years, how old will her cousin be?",easy,her cousin's current age = 6+4 = 10. In 5 years: 10+5 = 15 years old.,11 years old,15 years old,25 years old,19 years old,,B
Numerical Ability,"If 4x + 4 = 52, what is the value of x?",medium,4x = 52 - 4 = 48. x = 48/4 = 12.,12,9,14,11,,A
Numerical Ability,"A tailor has 24 meters of cloth. If each barong requires 3 meters, how many complete barongs can be made?",easy,Complete pieces = floor(total meters / meters per piece) = floor(24 / 3) = 8.,5 barongs,10 barongs,8 barongs,6 barongs,,C
Numerical Ability,"A farmers' cooperative harvested 312 kilos of calamansi. If 5/8 of the harvest was sold to a wholesaler, how many kilos were sold?",easy,Kilos sold = (5/8) x 312 kg = 195 kg.,117 kg,195 kg,78 kg,273 kg,,B
Numerical Ability,A school supply store marks down a P375 lunch box by 15% for a back-to-school promo. What is the discounted price?,easy,Discounted price = original price x (1 - discount%) = P375 x 0.85 = P318.75.,P318.75,P366.56,P286.88,P302.81,,A
Numerical Ability,A school supply store marks down a P650 office chair by 10% for a back-to-school promo. What is the discounted price?,easy,Discounted price = original price x (1 - discount%) = P650 x 0.90 = P585.,P614.25,P585,P672.75,P643.50,,B
Numerical Ability,"A farmers' cooperative harvested 472 kilos of calamansi. If 6/8 of the harvest was sold to a wholesaler, how many kilos were sold?",easy,Kilos sold = (6/8) x 472 kg = 354 kg.,236 kg,354 kg,295 kg,118 kg,,B
Numerical Ability,"Worker A can water the community garden alone in 6 hours, and Worker B can do the same job alone in 5 hours. Working together, how many hours will they need?",medium,Combined rate = 1/A + 1/B = 1/6 + 1/5. Time together = (A x B)/(A+B) = (6x5)/(6+5) = 2.73 hours.,5.45 hours,4.09 hours,2.73 hours,1.64 hours,,C
Numerical Ability,Renz deposits P15000 in a cooperative savings plan that earns 5% simple interest per year. How much interest will the deposit earn after 3 year(s)?,medium,Simple interest = Principal x Rate x Time = P15000 x 0.05 x 3 = P2250.,P2250,P1687.50,P2700,P3375,,A
Numerical Ability,"A tailor has 18 meters of cloth. If each barong requires 2 meters, how many complete barongs can be made?",easy,Complete pieces = floor(total meters / meters per piece) = floor(18 / 2) = 9.,12 barongs,6 barongs,9 barongs,7 barongs,,C
Numerical Ability,"A farmers' cooperative harvested 55 kilos of rice. If 4/5 of the harvest was sold to a wholesaler, how many kilos were sold?",easy,Kilos sold = (4/5) x 55 kg = 44 kg.,33 kg,22 kg,44 kg,11 kg,,C
Numerical Ability,A school supply store marks down a P720 desk lamp by 10% for a back-to-school promo. What is the discounted price?,easy,Discounted price = original price x (1 - discount%) = P720 x 0.90 = P648.,P648,P615.60,P680.40,P712.80,,A
Numerical Ability,"If 2x + 9 = 17, what is the value of x?",medium,2x = 17 - 9 = 8. x = 8/2 = 4.,3,1,2,4,,D
Numerical Ability,"Out of 500 school chairs inspected at a warehouse, 5 were found defective. What percentage were defective?",medium,Defective rate = (defective/total) x 100 = (5/500) x 100 = 1%.,0.70%,0.60%,1.30%,1%,,D
Numerical Ability,Jun and Ken split a P3000 sari-sari store profit in the ratio 2:5. How much does Jun (the 2-part) receive?,medium,Jun's share = (a/(a+b)) x total = (2/7) x P3000 = P857.14.,P428.57,P1285.71,P857.14,P600,,C
Numerical Ability,"Miguel is currently 37 years old, and his brother is 12 years older. In 6 years, how old will his brother be?",easy,his brother's current age = 37+12 = 49. In 6 years: 49+6 = 55 years old.,67 years old,55 years old,61 years old,49 years old,,B
Numerical Ability,Faye deposits P4500 in a cooperative savings plan that earns 4% simple interest per year. How much interest will the deposit earn after 1 year(s)?,medium,Simple interest = Principal x Rate x Time = P4500 x 0.04 x 1 = P180.,P180,P135,P360,P270,,A
Numerical Ability,A palengke vendor buys sacks of rice at P20 each and sells them at P28 each. What is the vendor's percentage profit?,medium,Percentage profit = (Selling price - Cost price)/Cost price x 100 = (P28 - P20)/P20 x 100 = 40%.,50%,40%,48%,55%,,B
Numerical Ability,Rico and Noel split a P1000 sari-sari store profit in the ratio 3:4. How much does Rico (the 3-part) receive?,medium,Rico's share = (a/(a+b)) x total = (3/7) x P1000 = P428.57.,P342.86,P214.29,P428.57,P300,,C
Numerical Ability,Cara and Ken split a P2000 sari-sari store profit in the ratio 1:2. How much does Cara (the 1-part) receive?,medium,Cara's share = (a/(a+b)) x total = (1/3) x P2000 = P666.67.,P333.33,P666.67,P533.33,P800,,B
Numerical Ability,"Worker A can pack the donation boxes alone in 8 hours, and Worker B can do the same job alone in 3 hours. Working together, how many hours will they need?",medium,Combined rate = 1/A + 1/B = 1/8 + 1/3. Time together = (A x B)/(A+B) = (8x3)/(8+3) = 2.18 hours.,1.09 hours,1.31 hours,2.18 hours,4.36 hours,,C
Numerical Ability,A motorcycle courier travels 40 km at a steady speed of 30 km/h. How many hours will the trip take?,easy,Time = Distance / Speed = 40 km / 30 km/h = 1.33 hours.,0.80 hours,1.33 hours,2.33 hours,2 hours,,B
Numerical Ability,"A farmers' cooperative harvested 296 kilos of calamansi. If 6/8 of the harvest was sold to a wholesaler, how many kilos were sold?",easy,Kilos sold = (6/8) x 296 kg = 222 kg.,222 kg,259 kg,148 kg,37 kg,,A
Numerical Ability,Ken and Cara split a P1800 sari-sari store profit in the ratio 5:7. How much does Ken (the 5-part) receive?,medium,Ken's share = (a/(a+b)) x total = (5/12) x P1800 = P750.,P525,P975,P375,P750,,D
Numerical Ability,"A barangay health worker logged the number of walk-in patients over 4 days: 19, 12, 17, 11. What was the average number of patients per day?",easy,Average = total patients / number of days = 59 / 4 = 14.75.,13.28,11.80,12.54,14.75,,D
Numerical Ability,"Karen is currently 38 years old, and her sister is 12 years older. In 3 years, how old will her sister be?",easy,her sister's current age = 38+12 = 50. In 3 years: 50+3 = 53 years old.,41 years old,53 years old,50 years old,59 years old,,B
Numerical Ability,"Worker A can repaint a fence alone in 5 hours, and Worker B can do the same job alone in 8 hours. Working together, how many hours will they need?",medium,Combined rate = 1/A + 1/B = 1/5 + 1/8. Time together = (A x B)/(A+B) = (5x8)/(5+8) = 3.08 hours.,3.08 hours,5.54 hours,4.62 hours,6.15 hours,,A
Numerical Ability,A school supply store marks down a P680 umbrella by 20% for a back-to-school promo. What is the discounted price?,easy,Discounted price = original price x (1 - discount%) = P680 x 0.80 = P544.,P652.80,P544,P516.80,P598.40,,B
Numerical Ability,"Ella is currently 29 years old, and her cousin is 5 years older. In 9 years, how old will her cousin be?",easy,her cousin's current age = 29+5 = 34. In 9 years: 34+9 = 43 years old.,48 years old,43 years old,61 years old,52 years old,,B
Numerical Ability,Mico deposits P7500 in a cooperative savings plan that earns 2% simple interest per year. How much interest will the deposit earn after 1 year(s)?,medium,Simple interest = Principal x Rate x Time = P7500 x 0.02 x 1 = P150.,P150,P225,P75,P187.50,,A
Numerical Ability,A palengke vendor buys sacks of rice at P70 each and sells them at P77 each. What is the vendor's percentage profit?,medium,Percentage profit = (Selling price - Cost price)/Cost price x 100 = (P77 - P70)/P70 x 100 = 10%.,20%,2%,10%,25%,,C
Numerical Ability,Mico deposits P10000 in a cooperative savings plan that earns 3% simple interest per year. How much interest will the deposit earn after 1 year(s)?,medium,Simple interest = Principal x Rate x Time = P10000 x 0.03 x 1 = P300.,P300,P240,P450,P225,,A
Numerical Ability,Renz deposits P6000 in a cooperative savings plan that earns 2% simple interest per year. How much interest will the deposit earn after 2 year(s)?,medium,Simple interest = Principal x Rate x Time = P6000 x 0.02 x 2 = P240.,P180,P192,P240,P120,,C
Numerical Ability,"Worker A can wash the tricycles alone in 8 hours, and Worker B can do the same job alone in 10 hours. Working together, how many hours will they need?",medium,Combined rate = 1/A + 1/B = 1/8 + 1/10. Time together = (A x B)/(A+B) = (8x10)/(8+10) = 4.44 hours.,6.67 hours,4.44 hours,3.11 hours,2.67 hours,,B
Numerical Ability,A palengke vendor buys sacks of rice at P70 each and sells them at P80.50 each. What is the vendor's percentage profit?,medium,Percentage profit = (Selling price - Cost price)/Cost price x 100 = (P80.50 - P70)/P70 x 100 = 15%.,20%,5%,15%,30%,,C
Numerical Ability,"A barangay health worker logged the number of walk-in patients over 4 days: 7, 6, 13, 9. What was the average number of patients per day?",easy,Average = total patients / number of days = 35 / 4 = 8.75.,7.88,8.75,11.38,7,,B
Numerical Ability,"A farmers' cooperative harvested 117 kilos of tomatoes. If 1/3 of the harvest was sold to a wholesaler, how many kilos were sold?",easy,Kilos sold = (1/3) x 117 kg = 39 kg.,47.70 kg,51.40 kg,78 kg,39 kg,,D
Numerical Ability,A palengke vendor buys sacks of rice at P50 each and sells them at P57.50 each. What is the vendor's percentage profit?,medium,Percentage profit = (Selling price - Cost price)/Cost price x 100 = (P57.50 - P50)/P50 x 100 = 15%.,30%,5%,7%,15%,,D
Numerical Ability,"A tailor has 36 meters of cloth. If each barong requires 2.50 meters, how many complete barongs can be made?",easy,Complete pieces = floor(total meters / meters per piece) = floor(36 / 2.50) = 14.,14 barongs,17 barongs,16 barongs,15 barongs,,A
Numerical Ability,"A barangay health worker logged the number of walk-in patients over 5 days: 5, 10, 13, 3, 8. What was the average number of patients per day?",easy,Average = total patients / number of days = 39 / 5 = 7.80.,7.80,6.24,10.14,8.58,,A
Numerical Ability,A jeepney travels 80 km at a steady speed of 36 km/h. How many hours will the trip take?,easy,Time = Distance / Speed = 80 km / 36 km/h = 2.22 hours.,2.22 hours,1.11 hours,3.11 hours,1.33 hours,,A
Numerical Ability,A tricycle travels 60 km at a steady speed of 20 km/h. How many hours will the trip take?,easy,Time = Distance / Speed = 60 km / 20 km/h = 3 hours.,3 hours,2.25 hours,1.50 hours,4.20 hours,,A
Numerical Ability,Shaira deposits P8000 in a cooperative savings plan that earns 6% simple interest per year. How much interest will the deposit earn after 2 year(s)?,medium,Simple interest = Principal x Rate x Time = P8000 x 0.06 x 2 = P960.,P960,P480,P768,P1200,,A
Numerical Ability,Anna and Bea split a P2000 sari-sari store profit in the ratio 3:4. How much does Anna (the 3-part) receive?,medium,Anna's share = (a/(a+b)) x total = (3/7) x P2000 = P857.14.,P428.57,P857.14,P1028.57,P685.71,,B
Numerical Ability,A school supply store marks down a P800 backpack by 10% for a back-to-school promo. What is the discounted price?,easy,Discounted price = original price x (1 - discount%) = P800 x 0.90 = P720.,P684,P720,P792,P756,,B
Numerical Ability,"Miguel is currently 35 years old, and his brother is 3 years older. In 6 years, how old will his brother be?",easy,his brother's current age = 35+3 = 38. In 6 years: 38+6 = 44 years old.,47 years old,44 years old,50 years old,38 years old,,B
Numerical Ability,A school supply store marks down a P720 umbrella by 35% for a back-to-school promo. What is the discounted price?,easy,Discounted price = original price x (1 - discount%) = P720 x 0.65 = P468.,P514.80,P444.60,P468,P561.60,,C
Numerical Ability,"If 4x + 9 = 45, what is the value of x?",medium,4x = 45 - 9 = 36. x = 36/4 = 9.,9,7,6,13,,A
Numerical Ability,"Out of 80 face masks inspected at a warehouse, 8 were found defective. What percentage were defective?",medium,Defective rate = (defective/total) x 100 = (8/80) x 100 = 10%.,6%,8%,10%,7%,,C
Numerical Ability,"Miguel is currently 24 years old, and his brother is 4 years older. In 2 years, how old will his brother be?",easy,his brother's current age = 24+4 = 28. In 2 years: 28+2 = 30 years old.,32 years old,30 years old,28 years old,34 years old,,B
Numerical Ability,"A farmers' cooperative harvested 72 kilos of coconuts. If 3/4 of the harvest was sold to a wholesaler, how many kilos were sold?",easy,Kilos sold = (3/4) x 72 kg = 54 kg.,54 kg,18 kg,66.40 kg,36 kg,,A
Numerical Ability,"Out of 400 face masks inspected at a warehouse, 32 were found defective. What percentage were defective?",medium,Defective rate = (defective/total) x 100 = (32/400) x 100 = 8%.,8%,6.40%,5.60%,10.40%,,A
Numerical Ability,A palengke vendor buys sacks of rice at P25 each and sells them at P27.50 each. What is the vendor's percentage profit?,medium,Percentage profit = (Selling price - Cost price)/Cost price x 100 = (P27.50 - P25)/P25 x 100 = 10%.,10%,5%,23%,20%,,A
Numerical Ability,A school supply store marks down a P920 raincoat by 15% for a back-to-school promo. What is the discounted price?,easy,Discounted price = original price x (1 - discount%) = P920 x 0.85 = P782.,P860.20,P782,P664.70,P899.30,,B
Numerical Ability,"A farmers' cooperative harvested 125 kilos of coconuts. If 1/5 of the harvest was sold to a wholesaler, how many kilos were sold?",easy,Kilos sold = (1/5) x 125 kg = 25 kg.,25 kg,100 kg,50 kg,75 kg,,A
Numerical Ability,"If 6x + 24 = 66, what is the value of x?",medium,6x = 66 - 24 = 42. x = 42/6 = 7.,6,7,8,9,,B
Numerical Ability,"A barangay health worker logged the number of walk-in patients over 5 days: 12, 17, 9, 10, 10. What was the average number of patients per day?",easy,Average = total patients / number of days = 58 / 5 = 11.60.,11.60,10.44,15.08,9.28,,A
Numerical Ability,"Karen is currently 32 years old, and her sister is 8 years older. In 6 years, how old will her sister be?",easy,her sister's current age = 32+8 = 40. In 6 years: 40+6 = 46 years old.,54 years old,46 years old,52 years old,58 years old,,B
Numerical Ability,"Out of 500 umbrellas inspected at a warehouse, 41 were found defective. What percentage were defective?",medium,Defective rate = (defective/total) x 100 = (41/500) x 100 = 8.20%.,10.66%,4.92%,12.30%,8.20%,,D
Numerical Ability,"Out of 250 bottled water inspected at a warehouse, 16 were found defective. What percentage were defective?",medium,Defective rate = (defective/total) x 100 = (16/250) x 100 = 6.40%.,8.32%,6.40%,4.48%,3.84%,,B
Numerical Ability,"Worker A can wash the tricycles alone in 2 hours, and Worker B can do the same job alone in 5 hours. Working together, how many hours will they need?",medium,Combined rate = 1/A + 1/B = 1/2 + 1/5. Time together = (A x B)/(A+B) = (2x5)/(2+5) = 1.43 hours.,2.57 hours,1.43 hours,1 hours,0.71 hours,,B
Numerical Ability,"Out of 250 face masks inspected at a warehouse, 17 were found defective. What percentage were defective?",medium,Defective rate = (defective/total) x 100 = (17/250) x 100 = 6.80%.,4.08%,10.20%,6.80%,8.84%,,C
Numerical Ability,"Worker A can wash the tricycles alone in 8 hours, and Worker B can do the same job alone in 4 hours. Working together, how many hours will they need?",medium,Combined rate = 1/A + 1/B = 1/8 + 1/4. Time together = (A x B)/(A+B) = (8x4)/(8+4) = 2.67 hours.,1.33 hours,1.60 hours,2.67 hours,5.33 hours,,C
Numerical Ability,Noel and Cara split a P1000 sari-sari store profit in the ratio 5:7. How much does Noel (the 5-part) receive?,medium,Noel's share = (a/(a+b)) x total = (5/12) x P1000 = P416.67.,P333.33,P625,P416.67,P541.67,,C
Numerical Ability,"Worker A can repaint a fence alone in 8 hours, and Worker B can do the same job alone in 6 hours. Working together, how many hours will they need?",medium,Combined rate = 1/A + 1/B = 1/8 + 1/6. Time together = (A x B)/(A+B) = (8x6)/(8+6) = 3.43 hours.,2.40 hours,5.14 hours,3.43 hours,6.86 hours,,C
Numerical Ability,A delivery van travels 54 km at a steady speed of 20 km/h. How many hours will the trip take?,easy,Time = Distance / Speed = 54 km / 20 km/h = 2.70 hours.,1.35 hours,4.73 hours,1.62 hours,2.70 hours,,D
Numerical Ability,"Worker A can clean the barangay hall alone in 6 hours, and Worker B can do the same job alone in 3 hours. Working together, how many hours will they need?",medium,Combined rate = 1/A + 1/B = 1/6 + 1/3. Time together = (A x B)/(A+B) = (6x3)/(6+3) = 2 hours.,4 hours,1 hours,2 hours,1.40 hours,,C
Numerical Ability,"A barangay health worker logged the number of walk-in patients over 6 days: 13, 14, 24, 23, 12, 20. What was the average number of patients per day?",easy,Average = total patients / number of days = 106 / 6 = 17.67.,21.20,15.90,15.02,17.67,,D
Numerical Ability,"A tailor has 18 meters of cloth. If each barong requires 1.50 meters, how many complete barongs can be made?",easy,Complete pieces = floor(total meters / meters per piece) = floor(18 / 1.50) = 12.,10 barongs,15 barongs,11 barongs,12 barongs,,D
Numerical Ability,A palengke vendor buys sacks of rice at P30 each and sells them at P45 each. What is the vendor's percentage profit?,medium,Percentage profit = (Selling price - Cost price)/Cost price x 100 = (P45 - P30)/P30 x 100 = 50%.,50%,58%,45%,40%,,A
Numerical Ability,"Out of 300 LED bulbs inspected at a warehouse, 22 were found defective. What percentage were defective?",medium,Defective rate = (defective/total) x 100 = (22/300) x 100 = 7.33%.,11%,10.27%,5.13%,7.33%,,D
Numerical Ability,"Ella is currently 37 years old, and her cousin is 8 years older. In 5 years, how old will her cousin be?",easy,her cousin's current age = 37+8 = 45. In 5 years: 45+5 = 50 years old.,50 years old,58 years old,45 years old,42 years old,,A
Numerical Ability,"Out of 120 bottled water inspected at a warehouse, 2 were found defective. What percentage were defective?",medium,Defective rate = (defective/total) x 100 = (2/120) x 100 = 1.67%.,1.67%,2.33%,1.17%,2.50%,,A
Numerical Ability,"Worker A can clean the barangay hall alone in 6 hours, and Worker B can do the same job alone in 5 hours. Working together, how many hours will they need?",medium,Combined rate = 1/A + 1/B = 1/6 + 1/5. Time together = (A x B)/(A+B) = (6x5)/(6+5) = 2.73 hours.,1.64 hours,4.91 hours,1.36 hours,2.73 hours,,D
Numerical Ability,"Out of 150 LED bulbs inspected at a warehouse, 3 were found defective. What percentage were defective?",medium,Defective rate = (defective/total) x 100 = (3/150) x 100 = 2%.,2.60%,3%,2%,1.40%,,C
Numerical Ability,A school supply store marks down a P680 calculator by 30% for a back-to-school promo. What is the discounted price?,easy,Discounted price = original price x (1 - discount%) = P680 x 0.70 = P476.,P452.20,P523.60,P476,P547.40,,C
Numerical Ability,"Worker A can pack the donation boxes alone in 5 hours, and Worker B can do the same job alone in 3 hours. Working together, how many hours will they need?",medium,Combined rate = 1/A + 1/B = 1/5 + 1/3. Time together = (A x B)/(A+B) = (5x3)/(5+3) = 1.88 hours.,3.75 hours,1.88 hours,0.94 hours,1.31 hours,,B
Numerical Ability,"A farmers' cooperative harvested 36 kilos of rice. If 2/3 of the harvest was sold to a wholesaler, how many kilos were sold?",easy,Kilos sold = (2/3) x 36 kg = 24 kg.,24 kg,32.70 kg,36.40 kg,12 kg,,A
Numerical Ability,Shaira deposits P9000 in a cooperative savings plan that earns 5% simple interest per year. How much interest will the deposit earn after 2 year(s)?,medium,Simple interest = Principal x Rate x Time = P9000 x 0.05 x 2 = P900.,P675,P900,P1800,P720,,B
Numerical Ability,A palengke vendor buys sacks of rice at P22 each and sells them at P24.20 each. What is the vendor's percentage profit?,medium,Percentage profit = (Selling price - Cost price)/Cost price x 100 = (P24.20 - P22)/P22 x 100 = 10%.,18%,20%,10%,2%,,C
Numerical Ability,"A tailor has 36 meters of cloth. If each barong requires 1.50 meters, how many complete barongs can be made?",easy,Complete pieces = floor(total meters / meters per piece) = floor(36 / 1.50) = 24.,22 barongs,23 barongs,21 barongs,24 barongs,,D
Numerical Ability,Shaira deposits P4500 in a cooperative savings plan that earns 5% simple interest per year. How much interest will the deposit earn after 1 year(s)?,medium,Simple interest = Principal x Rate x Time = P4500 x 0.05 x 1 = P225.,P225,P281.25,P168.75,P337.50,,A
Numerical Ability,Anna and Rico split a P2400 sari-sari store profit in the ratio 3:5. How much does Anna (the 3-part) receive?,medium,Anna's share = (a/(a+b)) x total = (3/8) x P2400 = P900.,P1350,P1080,P630,P900,,D
Numerical Ability,"Out of 100 bottled water inspected at a warehouse, 7 were found defective. What percentage were defective?",medium,Defective rate = (defective/total) x 100 = (7/100) x 100 = 7%.,7%,9.80%,4.90%,9.10%,,A
Numerical Ability,A tricycle travels 60 km at a steady speed of 45 km/h. How many hours will the trip take?,easy,Time = Distance / Speed = 60 km / 45 km/h = 1.33 hours.,1 hours,1.87 hours,2 hours,1.33 hours,,D
Numerical Ability,"Worker A can sort the relief goods alone in 5 hours, and Worker B can do the same job alone in 8 hours. Working together, how many hours will they need?",medium,Combined rate = 1/A + 1/B = 1/5 + 1/8. Time together = (A x B)/(A+B) = (5x8)/(5+8) = 3.08 hours.,6.15 hours,3.08 hours,5.54 hours,1.54 hours,,B
Numerical Ability,"Grace is currently 22 years old, and her aunt is 6 years older. In 5 years, how old will her aunt be?",easy,her aunt's current age = 22+6 = 28. In 5 years: 28+5 = 33 years old.,43 years old,33 years old,27 years old,28 years old,,B
Numerical Ability,A school supply store marks down a P600 lunch box by 30% for a back-to-school promo. What is the discounted price?,easy,Discounted price = original price x (1 - discount%) = P600 x 0.70 = P420.,P399,P462,P441,P420,,D
Numerical Ability,A school supply store marks down a P175 umbrella by 10% for a back-to-school promo. What is the discounted price?,easy,Discounted price = original price x (1 - discount%) = P175 x 0.90 = P157.50.,P157.50,P173.25,P149.62,P189,,A
Numerical Ability,"If 4x + 15 = 39, what is the value of x?",medium,4x = 39 - 15 = 24. x = 24/4 = 6.,5,7,6,9,,C
Numerical Ability,"If 6x + 20 = 86, what is the value of x?",medium,6x = 86 - 20 = 66. x = 66/6 = 11.,9,11,10,13,,B
Numerical Ability,A palengke vendor buys sacks of rice at P60 each and sells them at P66 each. What is the vendor's percentage profit?,medium,Percentage profit = (Selling price - Cost price)/Cost price x 100 = (P66 - P60)/P60 x 100 = 10%.,20%,15%,25%,10%,,D
Numerical Ability,"Tonyo is currently 11 years old, and his nephew is 10 years older. In 10 years, how old will his nephew be?",easy,his nephew's current age = 11+10 = 21. In 10 years: 21+10 = 31 years old.,41 years old,21 years old,51 years old,31 years old,,D
Numerical Ability,Bea and Anna split a P800 sari-sari store profit in the ratio 1:3. How much does Bea (the 1-part) receive?,medium,Bea's share = (a/(a+b)) x total = (1/4) x P800 = P200.,P200,P240,P160,P260,,A
Numerical Ability,"Tonyo is currently 18 years old, and his nephew is 4 years older. In 6 years, how old will his nephew be?",easy,his nephew's current age = 18+4 = 22. In 6 years: 22+6 = 28 years old.,32 years old,28 years old,40 years old,24 years old,,B
Numerical Ability,A tricycle travels 24 km at a steady speed of 20 km/h. How many hours will the trip take?,easy,Time = Distance / Speed = 24 km / 20 km/h = 1.20 hours.,1.68 hours,1.20 hours,0.72 hours,0.60 hours,,B
Numerical Ability,Jun and Rico split a P2400 sari-sari store profit in the ratio 2:5. How much does Jun (the 2-part) receive?,medium,Jun's share = (a/(a+b)) x total = (2/7) x P2400 = P685.71.,P1028.57,P685.71,P548.57,P342.86,,B
Numerical Ability,"Out of 500 bottled water inspected at a warehouse, 22 were found defective. What percentage were defective?",medium,Defective rate = (defective/total) x 100 = (22/500) x 100 = 4.40%.,4.40%,6.16%,3.52%,6.60%,,A
Numerical Ability,"A tailor has 33 meters of cloth. If each barong requires 2 meters, how many complete barongs can be made?",easy,Complete pieces = floor(total meters / meters per piece) = floor(33 / 2) = 16.,18 barongs,19 barongs,17 barongs,16 barongs,,D
Numerical Ability,Rico and Leo split a P3000 sari-sari store profit in the ratio 5:7. How much does Rico (the 5-part) receive?,medium,Rico's share = (a/(a+b)) x total = (5/12) x P3000 = P1250.,P1000,P625,P1250,P1625,,C
Numerical Ability,"Tonyo is currently 18 years old, and his nephew is 3 years older. In 6 years, how old will his nephew be?",easy,his nephew's current age = 18+3 = 21. In 6 years: 21+6 = 27 years old.,27 years old,30 years old,24 years old,39 years old,,A
Numerical Ability,A tricycle travels 40 km at a steady speed of 48 km/h. How many hours will the trip take?,easy,Time = Distance / Speed = 40 km / 48 km/h = 0.83 hours.,0.42 hours,0.62 hours,1.46 hours,0.83 hours,,D
Numerical Ability,"Ella is currently 35 years old, and her cousin is 7 years older. In 3 years, how old will her cousin be?",easy,her cousin's current age = 35+7 = 42. In 3 years: 42+3 = 45 years old.,42 years old,45 years old,38 years old,48 years old,,B
Numerical Ability,"Miguel is currently 36 years old, and his brother is 2 years older. In 9 years, how old will his brother be?",easy,his brother's current age = 36+2 = 38. In 9 years: 38+9 = 47 years old.,49 years old,38 years old,45 years old,47 years old,,D
Verbal Ability,"Which word is closest in meaning to ""jubilant""?",easy,"""Jubilant"" means ""feeling great happiness.""",gloomy,sad,feeling great happiness,angry,,C
Verbal Ability,"Which word is closest in meaning to ""candid""?",easy,"""Candid"" means ""frank and honest.""",secretive,frank and honest,boastful,deceptive,,B
Verbal Ability,"Which word is closest in meaning to ""impartial""?",easy,"""Impartial"" means ""not favoring one side.""",unfair,not favoring one side,biased,one-sided,,B
Verbal Ability,"Which word is closest in meaning to ""credible""?",easy,"""Credible"" means ""believable.""",believable,impossible,doubtful,false,,A
Verbal Ability,"Which word is closest in meaning to ""lethargic""?",easy,"""Lethargic"" means ""lacking energy.""",energetic,active,lacking energy,lively,,C
Verbal Ability,"Which word is closest in meaning to ""concise""?",easy,"""Concise"" means ""brief and clear.""",lengthy,vague,brief and clear,confusing,,C
Verbal Ability,"Which word is closest in meaning to ""obsolete""?",easy,"""Obsolete"" means ""no longer used.""",no longer used,current,popular,modern,,A
Verbal Ability,"Which word is closest in meaning to ""feasible""?",easy,"""Feasible"" means ""possible to do.""",possible to do,unlikely,risky,impossible,,A
Verbal Ability,"Which word is closest in meaning to ""ambiguous""?",easy,"""Ambiguous"" means ""having more than one meaning.""",having more than one meaning,simple,clear,obvious,,A
Verbal Ability,"Which word is closest in meaning to ""genuine""?",easy,"""Genuine"" means ""real and authentic.""",doubtful,real and authentic,fake,hidden,,B
Verbal Ability,"Which word is closest in meaning to ""thrive""?",easy,"""Thrive"" means ""to grow and develop successfully.""",struggle,to grow and develop successfully,decline,fail,,B
Verbal Ability,"Which word is closest in meaning to ""integrity""?",easy,"""Integrity"" means ""honesty and moral principle.""",corruption,honesty and moral principle,deceit,cowardice,,B
Verbal Ability,"Which word is closest in meaning to ""novel""?",easy,"""Novel"" means ""new and original.""",ordinary,new and original,outdated,common,,B
Verbal Ability,"Which word is closest in meaning to ""indifferent""?",easy,"""Indifferent"" means ""having no particular interest.""",eager,having no particular interest,curious,passionate,,B
Verbal Ability,"Which word is closest in meaning to ""lenient""?",easy,"""Lenient"" means ""not strict.""",not strict,strict,harsh,cruel,,A
Verbal Ability,"Which word is closest in meaning to ""zealous""?",easy,"""Zealous"" means ""full of enthusiasm.""",full of enthusiasm,bored,lazy,indifferent,,A
Verbal Ability,"Which word is closest in meaning to ""frugal""?",easy,"""Frugal"" means ""careful with money.""",reckless,wasteful,careful with money,generous,,C
Verbal Ability,"Which word is closest in meaning to ""mandatory""?",easy,"""Mandatory"" means ""required by rule.""",forbidden,optional,unlikely,required by rule,,D
Verbal Ability,"Which word is closest in meaning to ""notify""?",easy,"""Notify"" means ""to inform officially.""",to inform officially,hide,delay,ignore,,A
Verbal Ability,"Which word is closest in meaning to ""meticulous""?",easy,"""Meticulous"" means ""careful and precise.""",careful and precise,forgetful,hurried,careless,,A
Verbal Ability,"Which word is closest in meaning to ""versatile""?",easy,"""Versatile"" means ""able to adapt to many uses.""",narrow,able to adapt to many uses,rigid,limited,,B
Verbal Ability,"Which word is closest in meaning to ""gullible""?",easy,"""Gullible"" means ""easily deceived.""",skeptical,easily deceived,wise,cautious,,B
Verbal Ability,"Which word is closest in meaning to ""vigilant""?",easy,"""Vigilant"" means ""watchful and alert.""",careless,watchful and alert,sleepy,forgetful,,B
Verbal Ability,"Which word is closest in meaning to ""dubious""?",easy,"""Dubious"" means ""doubtful or uncertain.""",clear,doubtful or uncertain,certain,confident,,B
Verbal Ability,"Which word is closest in meaning to ""reluctant""?",easy,"""Reluctant"" means ""unwilling.""",excited,willing,unwilling,eager,,C
Verbal Ability,"Which word is closest in meaning to ""evident""?",easy,"""Evident"" means ""clearly seen or understood.""",hidden,doubtful,clearly seen or understood,confusing,,C
Verbal Ability,"Which word is closest in meaning to ""prudent""?",easy,"""Prudent"" means ""careful and wise.""",reckless,noisy,lazy,careful and wise,,D
Verbal Ability,"Which word is closest in meaning to ""meager""?",easy,"""Meager"" means ""small in amount.""",plentiful,generous,small in amount,abundant,,C
Verbal Ability,"Which word is closest in meaning to ""unanimous""?",easy,"""Unanimous"" means ""in full agreement.""",in full agreement,opposed,split,divided,,A
Verbal Ability,"Which word is closest in meaning to ""comply""?",easy,"""Comply"" means ""to act according to a rule.""",to act according to a rule,rebel,ignore,refuse,,A
Verbal Ability,"Which word is closest in meaning to ""tentative""?",easy,"""Tentative"" means ""not fixed or final.""",certain,permanent,definite,not fixed or final,,D
Verbal Ability,"Which word is closest in meaning to ""deficit""?",easy,"""Deficit"" means ""a shortage or lack.""",surplus,excess,abundance,a shortage or lack,,D
Verbal Ability,"Which word is closest in meaning to ""tedious""?",easy,"""Tedious"" means ""long and tiresome.""",brief,long and tiresome,exciting,simple,,B
Verbal Ability,"Which word is closest in meaning to ""diverse""?",easy,"""Diverse"" means ""varied and different.""",limited,uniform,varied and different,identical,,C
Verbal Ability,"Which word is closest in meaning to ""expedite""?",easy,"""Expedite"" means ""to speed up a process.""",delay,complicate,stop,to speed up a process,,D
Verbal Ability,"Which word is closest in meaning to ""cordial""?",easy,"""Cordial"" means ""warm and friendly.""",cold,distant,rude,warm and friendly,,D
Verbal Ability,"Which word is closest in meaning to ""perpetual""?",easy,"""Perpetual"" means ""never ending.""",temporary,occasional,never ending,brief,,C
Verbal Ability,"Which word is closest in meaning to ""wary""?",easy,"""Wary"" means ""cautious of danger.""",cautious of danger,confident,careless,reckless,,A
Verbal Ability,"Which word is closest in meaning to ""plausible""?",easy,"""Plausible"" means ""reasonable and believable.""",false,absurd,reasonable and believable,impossible,,C
Verbal Ability,"Which word is closest in meaning to ""optimistic""?",easy,"""Optimistic"" means ""hopeful about the future.""",pessimistic,fearful,doubtful,hopeful about the future,,D
Verbal Ability,"Which word means the OPPOSITE of ""scrutinize""?",easy,"""Scrutinize"" means ""to examine closely,"" so its opposite is ""ignore.""",skim,overlook,ignore,to examine closely,,C
Verbal Ability,"Which word means the OPPOSITE of ""genuine""?",easy,"""Genuine"" means ""real and authentic,"" so its opposite is ""fake.""",doubtful,fake,real and authentic,hidden,,B
Verbal Ability,"Which word means the OPPOSITE of ""comply""?",easy,"""Comply"" means ""to act according to a rule,"" so its opposite is ""rebel.""",rebel,ignore,refuse,to act according to a rule,,A
Verbal Ability,"Which word means the OPPOSITE of ""hostile""?",easy,"""Hostile"" means ""unfriendly and aggressive,"" so its opposite is ""friendly.""",friendly,gentle,calm,unfriendly and aggressive,,A
Verbal Ability,"Which word means the OPPOSITE of ""vigilant""?",easy,"""Vigilant"" means ""watchful and alert,"" so its opposite is ""careless.""",sleepy,forgetful,watchful and alert,careless,,D
Verbal Ability,"Which word means the OPPOSITE of ""compassion""?",easy,"""Compassion"" means ""sympathy for others' suffering,"" so its opposite is ""indifference.""",indifference,sympathy for others' suffering,cruelty,jealousy,,A
Verbal Ability,"Which word means the OPPOSITE of ""concise""?",easy,"""Concise"" means ""brief and clear,"" so its opposite is ""lengthy.""",confusing,lengthy,vague,brief and clear,,B
Verbal Ability,"Which word means the OPPOSITE of ""cordial""?",easy,"""Cordial"" means ""warm and friendly,"" so its opposite is ""cold.""",warm and friendly,distant,rude,cold,,D
Verbal Ability,"Which word means the OPPOSITE of ""credible""?",easy,"""Credible"" means ""believable,"" so its opposite is ""doubtful.""",false,impossible,believable,doubtful,,D
Verbal Ability,"Which word means the OPPOSITE of ""indifferent""?",easy,"""Indifferent"" means ""having no particular interest,"" so its opposite is ""passionate.""",having no particular interest,curious,passionate,eager,,C
Verbal Ability,"Which word means the OPPOSITE of ""lethargic""?",easy,"""Lethargic"" means ""lacking energy,"" so its opposite is ""energetic.""",energetic,lacking energy,active,lively,,A
Verbal Ability,"Which word means the OPPOSITE of ""lenient""?",easy,"""Lenient"" means ""not strict,"" so its opposite is ""strict.""",harsh,cruel,strict,not strict,,C
Verbal Ability,"Which word means the OPPOSITE of ""diverse""?",easy,"""Diverse"" means ""varied and different,"" so its opposite is ""uniform.""",identical,limited,varied and different,uniform,,D
Verbal Ability,"Which word means the OPPOSITE of ""frugal""?",easy,"""Frugal"" means ""careful with money,"" so its opposite is ""wasteful.""",careful with money,wasteful,reckless,generous,,B
Verbal Ability,"Which word means the OPPOSITE of ""perpetual""?",easy,"""Perpetual"" means ""never ending,"" so its opposite is ""temporary.""",never ending,occasional,brief,temporary,,D
Verbal Ability,"Which word means the OPPOSITE of ""ambiguous""?",easy,"""Ambiguous"" means ""having more than one meaning,"" so its opposite is ""clear.""",clear,having more than one meaning,simple,obvious,,A
Verbal Ability,"Which word means the OPPOSITE of ""tentative""?",easy,"""Tentative"" means ""not fixed or final,"" so its opposite is ""definite.""",certain,not fixed or final,permanent,definite,,D
Verbal Ability,"Which word means the OPPOSITE of ""evident""?",easy,"""Evident"" means ""clearly seen or understood,"" so its opposite is ""hidden.""",hidden,confusing,doubtful,clearly seen or understood,,A
Verbal Ability,"Which word means the OPPOSITE of ""expedite""?",easy,"""Expedite"" means ""to speed up a process,"" so its opposite is ""delay.""",stop,to speed up a process,complicate,delay,,D
Verbal Ability,"Which word means the OPPOSITE of ""unanimous""?",easy,"""Unanimous"" means ""in full agreement,"" so its opposite is ""divided.""",divided,split,opposed,in full agreement,,A
Verbal Ability,"Which word means the OPPOSITE of ""amicable""?",easy,"""Amicable"" means ""friendly and peaceable,"" so its opposite is ""hostile.""",hostile,friendly and peaceable,rude,distant,,A
Verbal Ability,"Which word means the OPPOSITE of ""notify""?",easy,"""Notify"" means ""to inform officially,"" so its opposite is ""ignore.""",to inform officially,hide,delay,ignore,,D
Verbal Ability,"Which word means the OPPOSITE of ""thrive""?",easy,"""Thrive"" means ""to grow and develop successfully,"" so its opposite is ""fail.""",struggle,fail,to grow and develop successfully,decline,,B
Verbal Ability,"Which word means the OPPOSITE of ""meticulous""?",easy,"""Meticulous"" means ""careful and precise,"" so its opposite is ""careless.""",careful and precise,forgetful,careless,hurried,,C
Verbal Ability,"Which word means the OPPOSITE of ""dubious""?",easy,"""Dubious"" means ""doubtful or uncertain,"" so its opposite is ""certain.""",clear,doubtful or uncertain,certain,confident,,C
Verbal Ability,"Which word means the OPPOSITE of ""meager""?",easy,"""Meager"" means ""small in amount,"" so its opposite is ""abundant.""",small in amount,generous,plentiful,abundant,,D
Verbal Ability,"Which word means the OPPOSITE of ""resolute""?",easy,"""Resolute"" means ""firm and determined,"" so its opposite is ""hesitant.""",hesitant,weak,uncertain,firm and determined,,A
Verbal Ability,"Which word means the OPPOSITE of ""candid""?",easy,"""Candid"" means ""frank and honest,"" so its opposite is ""deceptive.""",secretive,boastful,deceptive,frank and honest,,C
Verbal Ability,"Which word means the OPPOSITE of ""frivolous""?",easy,"""Frivolous"" means ""not having any serious purpose,"" so its opposite is ""serious.""",practical,important,serious,not having any serious purpose,,C
Verbal Ability,"Which word means the OPPOSITE of ""jubilant""?",easy,"""Jubilant"" means ""feeling great happiness,"" so its opposite is ""sad.""",gloomy,feeling great happiness,sad,angry,,C
Verbal Ability,"Which word means the OPPOSITE of ""hinder""?",easy,"""Hinder"" means ""to delay or obstruct,"" so its opposite is ""assist.""",support,to delay or obstruct,enable,assist,,D
Verbal Ability,"Which word means the OPPOSITE of ""plausible""?",easy,"""Plausible"" means ""reasonable and believable,"" so its opposite is ""impossible.""",false,absurd,impossible,reasonable and believable,,C
Verbal Ability,"Which word means the OPPOSITE of ""obsolete""?",easy,"""Obsolete"" means ""no longer used,"" so its opposite is ""modern.""",no longer used,popular,modern,current,,C
Verbal Ability,"Which word means the OPPOSITE of ""reluctant""?",easy,"""Reluctant"" means ""unwilling,"" so its opposite is ""eager.""",willing,excited,unwilling,eager,,D
Verbal Ability,"Which word means the OPPOSITE of ""tedious""?",easy,"""Tedious"" means ""long and tiresome,"" so its opposite is ""exciting.""",brief,exciting,simple,long and tiresome,,B
Verbal Ability,"Which word means the OPPOSITE of ""mandatory""?",easy,"""Mandatory"" means ""required by rule,"" so its opposite is ""optional.""",optional,required by rule,forbidden,unlikely,,A
Verbal Ability,"Which word means the OPPOSITE of ""endorse""?",easy,"""Endorse"" means ""to publicly approve,"" so its opposite is ""reject.""",to publicly approve,reject,oppose,criticize,,B
Verbal Ability,"Which word means the OPPOSITE of ""humble""?",easy,"""Humble"" means ""not proud or arrogant,"" so its opposite is ""arrogant.""",vain,not proud or arrogant,boastful,arrogant,,D
Verbal Ability,"Which word means the OPPOSITE of ""quaint""?",easy,"""Quaint"" means ""attractively unusual or old-fashioned,"" so its opposite is ""modern.""",plain,attractively unusual or old-fashioned,modern,ordinary,,C
Verbal Ability,"Which word means the OPPOSITE of ""versatile""?",easy,"""Versatile"" means ""able to adapt to many uses,"" so its opposite is ""limited.""",able to adapt to many uses,narrow,limited,rigid,,C
Verbal Ability,Novel is to Chapter as House is to ____?,medium,A novel relates to chapter the same way a house relates to room.,Room,Garden,Wall,Roof,,A
Verbal Ability,Tailor is to Clothes as Carpenter is to ____?,medium,A tailor relates to clothes the same way a carpenter relates to furniture.,Furniture,Baker,Farmer,Mechanic,,A
Verbal Ability,Farmer is to Crops as Fisherman is to ____?,medium,A farmer relates to crops the same way a fisherman relates to fish.,Baker,Vendor,Miner,Fish,,D
Verbal Ability,Signature is to Document as Stamp is to ____?,medium,A signature relates to document the same way a stamp relates to envelope.,Label,Seal,Photo,Envelope,,D
Verbal Ability,Beehive is to Bees as Anthill is to ____?,medium,A beehive relates to bees the same way a anthill relates to ants.,Cave,Nest,Burrow,Ants,,D
Verbal Ability,Pen is to Write as Knife is to ____?,medium,A pen relates to write the same way a knife relates to cut.,Sleep,Sing,Run,Cut,,D
Verbal Ability,Puppy is to Dog as Kitten is to ____?,medium,A puppy relates to dog the same way a kitten relates to cat.,Cub,Chick,Cat,Foal,,C
Verbal Ability,Doctor is to Hospital as Teacher is to ____?,medium,A doctor relates to hospital the same way a teacher relates to school.,Farm,Market,School,Court,,C
Verbal Ability,Wheel is to Car as Sail is to ____?,medium,A wheel relates to car the same way a sail relates to boat.,Engine,Wing,Track,Boat,,D
Verbal Ability,Chef is to Kitchen as Judge is to ____?,medium,A chef relates to kitchen the same way a judge relates to courtroom.,Garden,Store,Garage,Courtroom,,D
Verbal Ability,Engine is to Car as Heart is to ____?,medium,A engine relates to car the same way a heart relates to body.,Battery,Wheel,Body,Fuel,,C
Verbal Ability,Clock is to Time as Compass is to ____?,medium,A clock relates to time the same way a compass relates to direction.,Map,Speed,Direction,Weight,,C
Verbal Ability,Caterpillar is to Butterfly as Tadpole is to ____?,medium,A caterpillar relates to butterfly the same way a tadpole relates to frog.,Seed,Egg,Cub,Frog,,D
Verbal Ability,Author is to Book as Composer is to ____?,medium,A author relates to book the same way a composer relates to song.,Cloud,Bridge,Song,River,,C
Verbal Ability,Vaccine is to Disease as Helmet is to ____?,medium,A vaccine relates to disease the same way a helmet relates to injury.,Injury,Lock,Umbrella,Fence,,A
Verbal Ability,Bird is to Nest as Bee is to ____?,medium,A bird relates to nest the same way a bee relates to hive.,Hive,Barn,Pond,Cave,,A
Verbal Ability,Library is to Books as Zoo is to ____?,medium,A library relates to books the same way a zoo relates to animals.,Animals,School,Bank,Church,,A
Verbal Ability,Water is to Liquid as Ice is to ____?,medium,A water relates to liquid the same way a ice relates to solid.,Gas,Solid,Metal,Wood,,B
Verbal Ability,Seed is to Tree as Egg is to ____?,medium,A seed relates to tree the same way a egg relates to chicken.,Chicken,Root,Leaf,Branch,,A
Verbal Ability,Whisper is to Quiet as Shout is to ____?,medium,A whisper relates to quiet the same way a shout relates to loud.,Speak,Cry,Sing,Loud,,D
Verbal Ability,Nurse is to Patient as Teacher is to ____?,medium,A nurse relates to patient the same way a teacher relates to student.,Judge,Customer,Client,Student,,D
Verbal Ability,Sun is to Day as Moon is to ____?,medium,A sun relates to day the same way a moon relates to night.,Rain,Night,Cloud,Star,,B
Verbal Ability,Fish is to Swim as Bird is to ____?,medium,A fish relates to swim the same way a bird relates to fly.,Sit,Fly,Sleep,Crawl,,B
Verbal Ability,Pilot is to Airplane as Captain is to ____?,medium,A pilot relates to airplane the same way a captain relates to ship.,Road,Train Station,Bicycle,Ship,,D
Verbal Ability,Key is to Lock as Password is to ____?,medium,A key relates to lock the same way a password relates to account.,Door,Window,Wall,Account,,D
Verbal Ability,Painter is to Canvas as Sculptor is to ____?,medium,A painter relates to canvas the same way a sculptor relates to stone.,Brush,Gallery,Stone,Frame,,C
Verbal Ability,Vaccine is to Immunity as Exercise is to ____?,medium,A vaccine relates to immunity the same way a exercise relates to fitness.,Rest,Diet,Medicine,Fitness,,D
Verbal Ability,Sponge is to Absorb as Magnet is to ____?,medium,A sponge relates to absorb the same way a magnet relates to attract.,Shield,Filter,Mirror,Attract,,D
Verbal Ability,Recipe is to Cook as Blueprint is to ____?,medium,A recipe relates to cook the same way a blueprint relates to build.,Build,Sing,Write,Paint,,A
Verbal Ability,Thermometer is to Temperature as Ruler is to ____?,medium,A thermometer relates to temperature the same way a ruler relates to length.,Smell,Length,Weight,Color,,B
Verbal Ability,Compass is to Navigate as Thermometer is to ____?,medium,A compass relates to navigate the same way a thermometer relates to measure.,Ladder,Lantern,Anchor,Measure,,D
Verbal Ability,Umbrella is to Rain as Jacket is to ____?,medium,A umbrella relates to rain the same way a jacket relates to cold.,Boots,Hat,Fan,Cold,,D
Verbal Ability,Diploma is to Graduate as Trophy is to ____?,medium,A diploma relates to graduate the same way a trophy relates to winner.,Winner,Medal,Certificate,Badge,,A
Verbal Ability,Bank is to Money as Library is to ____?,medium,A bank relates to money the same way a library relates to books.,School,Market,Books,Hospital,,C
Verbal Ability,Passport is to Travel as License is to ____?,medium,A passport relates to travel the same way a license relates to drive.,Drive,Ticket,Badge,Receipt,,A
Verbal Ability,Choose the word that best completes the sentence: The government launched a program to ____ unemployment in rural areas.,medium,"""Reduce"" best fits the context of the sentence.",ignore,reduce,celebrate,increase,,B
Verbal Ability,Choose the word that best completes the sentence: The mayor's speech was ____ so that everyone could easily understand the new policy.,medium,"""Simple"" best fits the context of the sentence.",complicated,confusing,technical,simple,,D
Verbal Ability,Choose the word that best completes the sentence: The staff meeting was ____ because the director had an emergency.,medium,"""Cancelled"" best fits the context of the sentence.",recorded,cancelled,enjoyed,extended,,B
Verbal Ability,Choose the word that best completes the sentence: The committee will ____ the proposal before the budget is finalized.,medium,"""Review"" best fits the context of the sentence.",celebrate,burn,abandon,review,,D
Verbal Ability,Choose the word that best completes the sentence: The applicant's résumé was so ____ that the interviewer had no questions left to ask.,medium,"""Thorough"" best fits the context of the sentence.",short,vague,thorough,messy,,C
Verbal Ability,Choose the word that best completes the sentence: The cashier had to ____ the receipt after noticing a computation error.,medium,"""Reissue"" best fits the context of the sentence.",reissue,laminate,destroy,ignore,,A
Verbal Ability,Choose the word that best completes the sentence: The clerk double-checked the ledger to ____ any discrepancies.,medium,"""Identify"" best fits the context of the sentence.",identify,hide,ignore,create,,A
Verbal Ability,Choose the word that best completes the sentence: The new intern was ____ to learn the filing system quickly.,medium,"""Eager"" best fits the context of the sentence.",reluctant,eager,afraid,bored,,B
Verbal Ability,Choose the word that best completes the sentence: The officer was commended for handling the complaint in a ____ manner.,medium,"""Professional"" best fits the context of the sentence.",careless,hostile,professional,rude,,C
Verbal Ability,Choose the word that best completes the sentence: The supervisor gave ____ instructions so no one would be confused.,medium,"""Clear"" best fits the context of the sentence.",vague,confusing,incomplete,clear,,D
Verbal Ability,Choose the word that best completes the sentence: The barangay council decided to ____ the proposed ordinance after public hearing.,medium,"""Approve"" best fits the context of the sentence.",postpone indefinitely,approve,misplace,destroy,,B
Verbal Ability,Choose the word that best completes the sentence: The office reminded employees to ____ confidential files properly.,medium,"""Secure"" best fits the context of the sentence.",ignore,expose,secure,lose,,C
Verbal Ability,Choose the word that best completes the sentence: The applicant's answers were ____ and straight to the point.,medium,"""Direct"" best fits the context of the sentence.",vague,irrelevant,confusing,direct,,D
Verbal Ability,Choose the word that best completes the sentence: The auditor had to ____ every receipt before approving the reimbursement.,medium,"""Verify"" best fits the context of the sentence.",copy,discard,verify,hide,,C
Verbal Ability,Choose the word that best completes the sentence: Employees are expected to ____ the company's code of conduct at all times.,medium,"""Follow"" best fits the context of the sentence.",follow,ignore,forget,break,,A
Verbal Ability,Choose the word that best completes the sentence: The librarian asked patrons to ____ their books on time.,medium,"""Return"" best fits the context of the sentence.",destroy,return,hide,sell,,B
Verbal Ability,Choose the word that best completes the sentence: The new policy aims to ____ transparency in government transactions.,medium,"""Promote"" best fits the context of the sentence.",reduce,promote,forbid,hide,,B
Verbal Ability,Choose the word that best completes the sentence: Staff members must ____ their attendance every morning.,medium,"""Log"" best fits the context of the sentence.",forget,log,erase,hide,,B
Verbal Ability,Choose the word that best completes the sentence: The barangay captain urged residents to ____ water during the dry season.,medium,"""Conserve"" best fits the context of the sentence.",ignore,conserve,waste,pollute,,B
Verbal Ability,Choose the word that best completes the sentence: The company decided to ____ the meeting due to the sudden typhoon warning.,medium,"""Postpone"" best fits the context of the sentence.",ignore,postpone,celebrate,publish,,B
Verbal Ability,Choose the word that best completes the sentence: The applicant was asked to ____ a valid identification card upon submission.,medium,"""Present"" best fits the context of the sentence.",destroy,forget,present,hide,,C
Verbal Ability,Choose the word that best completes the sentence: The typhoon forced the office to ____ its operations for two days.,medium,"""Suspend"" best fits the context of the sentence.",suspend,publicize,celebrate,expand,,A
Verbal Ability,Choose the word that best completes the sentence: It is the clerk's duty to ____ the incoming mail every morning.,medium,"""Sort"" best fits the context of the sentence.",lose,ignore,sort,burn,,C
Verbal Ability,Choose the word that best completes the sentence: The proposal was rejected because it lacked ____ supporting data.,medium,"""Sufficient"" best fits the context of the sentence.",sufficient,fake,irrelevant,excessive,,A
Verbal Ability,"Choose the word that best completes the sentence: Despite the heavy rain, the volunteers remained ____ and continued the relief operations.",medium,"""Committed"" best fits the context of the sentence.",committed,confused,absent,careless,,A
Verbal Ability,"Choose the word that best completes the sentence: Because the report contained several errors, it had to be ____ before submission.",medium,"""Revised"" best fits the context of the sentence.",revised,ignored,published,approved,,A
Verbal Ability,Choose the word that best completes the sentence: The training module was designed to be ____ for beginners.,medium,"""Accessible"" best fits the context of the sentence.",confusing,expensive,accessible,impossible,,C
Verbal Ability,Choose the word that best completes the sentence: Applicants must ____ all required documents before the deadline.,medium,"""Submit"" best fits the context of the sentence.",hide,submit,misplace,burn,,B
Verbal Ability,Choose the word that best completes the sentence: The team worked ____ to finish the project ahead of the deadline.,medium,"""Diligently"" best fits the context of the sentence.",diligently,slowly,carelessly,reluctantly,,A
Verbal Ability,Choose the word that best completes the sentence: The HR officer will ____ the shortlisted candidates for a final interview.,medium,"""Contact"" best fits the context of the sentence.",contact,forget,dismiss,ignore,,A
Verbal Ability,Choose the word that best completes the sentence: Her ____ attitude toward customers earned her the Employee of the Month award.,medium,"""Courteous"" best fits the context of the sentence.",rude,courteous,careless,arrogant,,B
Verbal Ability,Choose the word that best completes the sentence: The receptionist greeted every visitor with a ____ smile.,medium,"""Warm"" best fits the context of the sentence.",cold,forced,nervous,warm,,D
Verbal Ability,Choose the word that best completes the sentence: The trainee's handwriting had to be ____ before the form could be scanned.,medium,"""Corrected"" best fits the context of the sentence.",celebrated,corrected,destroyed,ignored,,B
Verbal Ability,Choose the word that best completes the sentence: The village health center will ____ free vaccines this weekend.,medium,"""Distribute"" best fits the context of the sentence.",withhold,sell,destroy,distribute,,D
Verbal Ability,Choose the word that best completes the sentence: The manager asked the new hires to ____ the safety guidelines before starting work.,medium,"""Review"" best fits the context of the sentence.",forget,review,destroy,ignore,,B
Verbal Ability,"Which word or phrase means ""a person who repairs pipes and water systems""?",medium,"""Plumber"" is the term for ""a person who repairs pipes and water systems.""",electrician,mason,carpenter,plumber,,D
Verbal Ability,"Which word or phrase means ""a place where documents are kept for safekeeping""?",medium,"""Archive"" is the term for ""a place where documents are kept for safekeeping.""",market,kitchen,garage,archive,,D
Verbal Ability,"Which word or phrase means ""one who succeeds another in an office or position""?",medium,"""Successor"" is the term for ""one who succeeds another in an office or position.""",predecessor,witness,rival,successor,,D
Verbal Ability,"Which word or phrase means ""a person who studies the stars and planets""?",medium,"""Astronomer"" is the term for ""a person who studies the stars and planets.""",chemist,astronomer,biologist,geologist,,B
Verbal Ability,"Which word or phrase means ""a group of people chosen to make a decision""?",medium,"""Committee"" is the term for ""a group of people chosen to make a decision.""",tribe,audience,committee,crowd,,C
Verbal Ability,"Which word or phrase means ""money set aside regularly for future use""?",medium,"""Savings"" is the term for ""money set aside regularly for future use.""",debt,expense,savings,tax,,C
Verbal Ability,"Which word or phrase means ""one who commits a crime for the first time""?",medium,"""First-time offender"" is the term for ""one who commits a crime for the first time.""",witness,victim,officer,first-time offender,,D
Verbal Ability,"Which word or phrase means ""the smallest unit of local government in the Philippines""?",medium,"""Barangay"" is the term for ""the smallest unit of local government in the Philippines.""",province,district,barangay,region,,C
Verbal Ability,"Which word or phrase means ""a person who studies old objects and ancient sites""?",medium,"""Archaeologist"" is the term for ""a person who studies old objects and ancient sites.""",archaeologist,botanist,astrologer,biologist,,A
Verbal Ability,"Which word or phrase means ""a written record of the minutes of a meeting""?",medium,"""Transcript"" is the term for ""a written record of the minutes of a meeting.""",flyer,transcript,poster,invoice,,B
Verbal Ability,"Which word or phrase means ""an official document confirming a fact or qualification""?",medium,"""Certificate"" is the term for ""an official document confirming a fact or qualification.""",poster,certificate,memo,draft,,B
Verbal Ability,"Which word or phrase means ""a payment made in advance""?",medium,"""Downpayment"" is the term for ""a payment made in advance.""",downpayment,penalty,discount,refund,,A
Verbal Ability,"Which word or phrase means ""one who represents another person legally""?",medium,"""Attorney"" is the term for ""one who represents another person legally.""",cashier,messenger,attorney,clerk,,C
Verbal Ability,"Which word or phrase means ""a document that proves ownership of property""?",medium,"""Title"" is the term for ""a document that proves ownership of property.""",receipt,memo,title,ticket,,C
Verbal Ability,"Which word or phrase means ""a fixed period during which a contract is in force""?",medium,"""Term"" is the term for ""a fixed period during which a contract is in force.""",term,deadline,penalty,clause,,A
Verbal Ability,"Which word or phrase means ""one who is present to see an event happen""?",medium,"""Eyewitness"" is the term for ""one who is present to see an event happen.""",suspect,lawyer,eyewitness,judge,,C
Verbal Ability,"Which word or phrase means ""a place where a plane takes off and lands""?",medium,"""Airport"" is the term for ""a place where a plane takes off and lands.""",seaport,airport,terminal building,depot,,B
Verbal Ability,"Which word or phrase means ""the amount of money earned before deductions""?",medium,"""Gross income"" is the term for ""the amount of money earned before deductions.""",tax,expense,gross income,net income,,C
Verbal Ability,"Which word or phrase means ""the act of stepping down from a position voluntarily""?",medium,"""Resignation"" is the term for ""the act of stepping down from a position voluntarily.""",promotion,suspension,termination,resignation,,D
Verbal Ability,"Which word or phrase means ""a person who examines financial accounts""?",medium,"""Auditor"" is the term for ""a person who examines financial accounts.""",teller,cashier,auditor,messenger,,C
Verbal Ability,"Which word or phrase means ""a person new to a job or organization""?",medium,"""Novice"" is the term for ""a person new to a job or organization.""",supervisor,expert,novice,veteran,,C
Verbal Ability,"Which word or phrase means ""one who is not yet proven guilty but is accused""?",medium,"""Suspect"" is the term for ""one who is not yet proven guilty but is accused.""",judge,suspect,witness,victim,,B
Verbal Ability,"Which word or phrase means ""a formal complaint filed with an office or court""?",medium,"""Petition"" is the term for ""a formal complaint filed with an office or court.""",invitation,memo,petition,receipt,,C
Verbal Ability,"Which word or phrase means ""a formal, official order or law""?",medium,"""Decree"" is the term for ""a formal, official order or law.""",suggestion,opinion,rumor,decree,,D
Verbal Ability,"Which word or phrase means ""the act of formally giving up a right or claim""?",medium,"""Waiver"" is the term for ""the act of formally giving up a right or claim.""",petition,contract,waiver,summons,,C
Verbal Ability,"Which word or phrase means ""someone appointed to settle a dispute between two parties""?",medium,"""Mediator"" is the term for ""someone appointed to settle a dispute between two parties.""",witness,mediator,bystander,suspect,,B
Verbal Ability,"Which word or phrase means ""a person who travels to a foreign country to work""?",medium,"""Migrant worker"" is the term for ""a person who travels to a foreign country to work.""",diplomat,tourist,migrant worker,student,,C
Verbal Ability,"Which word or phrase means ""someone who watches over and protects something""?",medium,"""Guardian"" is the term for ""someone who watches over and protects something.""",stranger,intruder,visitor,guardian,,D
Verbal Ability,"Which word or phrase means ""a person who inherits a title, property, or position""?",medium,"""Heir"" is the term for ""a person who inherits a title, property, or position.""",heir,guest,tenant,employee,,A
Verbal Ability,"Which word or phrase means ""someone who cannot be corrupted or bribed""?",medium,"""Incorruptible"" is the term for ""someone who cannot be corrupted or bribed.""",greedy,careless,dishonest,incorruptible,,D
Verbal Ability,"What does the idiom ""to touch base"" mean?",medium,"The idiom ""to touch base"" means ""to make brief contact or communication.""",to end a relationship,to make brief contact or communication,to start a fight,to hide information,,B
Verbal Ability,"What does the idiom ""to keep one's fingers crossed"" mean?",medium,"The idiom ""to keep one's fingers crossed"" means ""to hope for a good outcome.""",to give up hope,to plan carefully,to refuse help,to hope for a good outcome,,D
Verbal Ability,"What does the idiom ""to see eye to eye"" mean?",medium,"The idiom ""to see eye to eye"" means ""to agree with someone.""",to compete fiercely,to argue constantly,to agree with someone,to avoid contact,,C
Verbal Ability,"What does the idiom ""to call it a day"" mean?",medium,"The idiom ""to call it a day"" means ""to stop working for the day.""",to argue about a topic,to stop working for the day,to celebrate all night,to start a new project,,B
Verbal Ability,"What does the idiom ""to pull strings"" mean?",medium,"The idiom ""to pull strings"" means ""to use influence to get an advantage.""",to lose control,to work honestly,to use influence to get an advantage,to play music,,C
Verbal Ability,"What does the idiom ""to be on the same page"" mean?",medium,"The idiom ""to be on the same page"" means ""to agree or understand each other.""",to disagree strongly,to agree or understand each other,to read together,to work separately,,B
Verbal Ability,"What does the idiom ""to jump on the bandwagon"" mean?",medium,"The idiom ""to jump on the bandwagon"" means ""to join a popular trend or activity.""",to join a popular trend or activity,to ignore others,to start a new trend,to oppose a trend,,A
Verbal Ability,"What does the idiom ""to hit the books"" mean?",medium,"The idiom ""to hit the books"" means ""to study intensively.""",to give up,to relax fully,to fight physically,to study intensively,,D
Verbal Ability,"What does the idiom ""to cut corners"" mean?",medium,"The idiom ""to cut corners"" means ""to do something in the easiest or cheapest way.""",to do something in the easiest or cheapest way,to follow every rule,to spend generously,to work overtime,,A
Verbal Ability,"What does the idiom ""to get the ball rolling"" mean?",medium,"The idiom ""to get the ball rolling"" means ""to start something moving.""",to lose interest,to stop an activity,to start something moving,to finish a task,,C
Verbal Ability,"What does the idiom ""to go the extra mile"" mean?",medium,"The idiom ""to go the extra mile"" means ""to make a special extra effort.""",to do the minimum,to take a shortcut,to give up early,to make a special extra effort,,D
Verbal Ability,"What does the idiom ""to bite the bullet"" mean?",medium,"The idiom ""to bite the bullet"" means ""to face a difficult situation bravely.""",to face a difficult situation bravely,to eat quickly,to argue loudly,to avoid a problem,,A
Verbal Ability,"What does the idiom ""to be under the weather"" mean?",medium,"The idiom ""to be under the weather"" means ""to feel slightly ill.""",to be very busy,to be outdoors,to feel slightly ill,to feel very happy,,C
Verbal Ability,"What does the idiom ""to think outside the box"" mean?",medium,"The idiom ""to think outside the box"" means ""to think creatively or differently.""",to think creatively or differently,to follow instructions exactly,to copy others,to avoid new ideas,,A
Verbal Ability,"What does the idiom ""to hit the nail on the head"" mean?",medium,"The idiom ""to hit the nail on the head"" means ""to describe exactly what is causing a situation.""",to describe exactly what is causing a situation,to make a mistake,to build something,to avoid the topic,,A
Verbal Ability,"What does the idiom ""to be in the same boat"" mean?",medium,"The idiom ""to be in the same boat"" means ""to be in the same difficult situation as others.""",to own a business,to compete against each other,to travel together,to be in the same difficult situation as others,,D
Verbal Ability,"What does the idiom ""to spill the beans"" mean?",medium,"The idiom ""to spill the beans"" means ""to reveal a secret.""",to cook a meal,to clean the house,to reveal a secret,to keep a promise,,C
Verbal Ability,"What does the idiom ""to break the ice"" mean?",medium,"The idiom ""to break the ice"" means ""to ease tension in a social situation.""",to cancel a meeting,to cause an argument,to ease tension in a social situation,to end a friendship,,C
Verbal Ability,"What does the idiom ""to burn the midnight oil"" mean?",medium,"The idiom ""to burn the midnight oil"" means ""to work late into the night.""",to waste money,to start a fire,to work late into the night,to sleep early,,C
Verbal Ability,"What does the idiom ""to keep someone posted"" mean?",medium,"The idiom ""to keep someone posted"" means ""to keep someone informed.""",to delay news,to ignore someone,to keep someone informed,to confuse someone,,C
Analytical Ability,"Find the next number in the series: 39, 42, 40, 43, __",medium,The series alternates +3 and -2. Following the pattern gives 41.,35,39,37,41,,D
Analytical Ability,"Find the next number in the series: 16, 25, 36, 49, __",medium,"These are consecutive perfect squares: 4^2, 5^2, 6^2, 7^2. Next = 8^2 = 64.",56,64,73,68,,B
Analytical Ability,"Find the next number in the series: 17, 20, 17, 20, __",medium,The series alternates +3 and -3. Following the pattern gives 17.,11,21,19,17,,D
Analytical Ability,"Find the next number in the series: 9, 16, 25, 36, __",medium,"These are consecutive perfect squares: 3^2, 4^2, 5^2, 6^2. Next = 7^2 = 49.",43,49,58,40,,B
Analytical Ability,"Find the next number in the series: 4, 5, 9, 14, __",medium,Each term is the sum of the two terms before it: 9 + 14 = 23.,16,23,26,20,,B
Analytical Ability,"Find the next number in the series: 14, 19, 16, 21, __",medium,The series alternates +5 and -3. Following the pattern gives 18.,22,18,16,24,,B
Analytical Ability,"Find the next number in the series: 1, 5, 17, 53, __",hard,Rule: multiply by 3 then add 2. Next term = 53 x 3 + 2 = 161.,166,161,156,169,,B
Analytical Ability,"Find the next number in the series: 13, 18, 23, 28, __",easy,Each term changes by 5. Next term = 28 + 5 = 33.,23,38,33,43,,C
Analytical Ability,"Find the next number in the series: 25, 27, 29, 31, __",easy,Each term changes by 2. Next term = 31 + 2 = 33.,34,33,37,31,,B
Analytical Ability,"Find the next number in the series: 1, 4, 13, 40, __",hard,Rule: multiply by 3 then add 1. Next term = 40 x 3 + 1 = 121.,116,124,121,126,,C
Analytical Ability,"Find the next number in the series: 6, 12, 18, 24, __",easy,Each term changes by 6. Next term = 24 + 6 = 30.,42,36,30,24,,C
Analytical Ability,"Find the next number in the series: 2, 8, 32, 128, __",medium,Each term is multiplied by 4. Next term = 128 x 4 = 512.,768,512,640,341,,B
Analytical Ability,"Find the next number in the series: 25, 28, 31, 34, __",easy,Each term changes by 3. Next term = 34 + 3 = 37.,40,43,31,37,,D
Analytical Ability,"Find the next number in the series: 5, 16, 49, 148, __",hard,Rule: multiply by 3 then add 1. Next term = 148 x 3 + 1 = 445.,445,448,453,450,,A
Analytical Ability,"Find the next number in the series: 1, 5, 25, 125, __",medium,Each term is multiplied by 5. Next term = 125 x 5 = 625.,468,625,630,416,,B
Analytical Ability,"Find the next number in the series: 1, 3, 4, 7, __",medium,Each term is the sum of the two terms before it: 4 + 7 = 11.,16,11,6,18,,B
Analytical Ability,"Find the next number in the series: 4, 8, 12, 20, __",medium,Each term is the sum of the two terms before it: 12 + 20 = 32.,39,35,32,25,,C
Analytical Ability,"Find the next number in the series: 1, 4, 9, 16, __",medium,"These are consecutive perfect squares: 1^2, 2^2, 3^2, 4^2. Next = 5^2 = 25.",25,34,29,21,,A
Analytical Ability,"Find the next number in the series: 24, 33, 42, 51, __",easy,Each term changes by 9. Next term = 51 + 9 = 60.,60,78,51,70,,A
Analytical Ability,"Find the next number in the series: 5, 20, 80, 320, __",medium,Each term is multiplied by 4. Next term = 320 x 4 = 1280.,853,1600,1920,1280,,D
Analytical Ability,"Find the next number in the series: 14, 18, 10, 14, __",medium,The series alternates +4 and -8. Following the pattern gives 6.,6,4,10,12,,A
Analytical Ability,"Find the next number in the series: 1, 3, 5, 7, __",easy,Each term changes by 2. Next term = 7 + 2 = 9.,9,13,7,10,,A
Analytical Ability,"Find the next number in the series: 32, 36, 29, 33, __",medium,The series alternates +4 and -7. Following the pattern gives 26.,28,22,24,26,,D
Analytical Ability,"Find the next number in the series: 6, 18, 54, 162, __",medium,Each term is multiplied by 3. Next term = 162 x 3 = 486.,607,491,486,324,,C
Analytical Ability,"Find the next number in the series: 5, 9, 14, 23, __",medium,Each term is the sum of the two terms before it: 14 + 23 = 37.,30,37,32,42,,B
Analytical Ability,"Find the next number in the series: 1, 4, 5, 9, __",medium,Each term is the sum of the two terms before it: 5 + 9 = 14.,7,14,9,11,,B
Analytical Ability,"Find the next number in the series: 35, 39, 34, 38, __",medium,The series alternates +4 and -5. Following the pattern gives 33.,35,37,33,39,,C
Analytical Ability,"Find the next number in the series: 1, 3, 9, 27, __",medium,Each term is multiplied by 3. Next term = 27 x 3 = 81.,81,101,60,54,,A
Analytical Ability,"Find the next number in the series: 2, 6, 18, 54, __",medium,Each term is multiplied by 3. Next term = 54 x 3 = 162.,202,108,162,121,,C
Analytical Ability,"Find the next number in the series: 10, 12, 7, 9, __",medium,The series alternates +2 and -5. Following the pattern gives 4.,6,4,10,8,,B
Analytical Ability,"Find the next number in the series: 19, 21, 23, 25, __",easy,Each term changes by 2. Next term = 25 + 2 = 27.,27,23,28,31,,A
Analytical Ability,"Find the next number in the series: 5, 15, 45, 135, __",medium,Each term is multiplied by 3. Next term = 135 x 3 = 405.,270,405,607,410,,B
Analytical Ability,"Find the next number in the series: 7, 14, 21, 28, __",easy,Each term changes by 7. Next term = 28 + 7 = 35.,49,43,35,28,,C
Analytical Ability,"Find the next number in the series: 26, 31, 23, 28, __",medium,The series alternates +5 and -8. Following the pattern gives 20.,24,20,26,14,,B
Analytical Ability,"Find the next number in the series: 1, 6, 21, 66, __",hard,Rule: multiply by 3 then add 3. Next term = 66 x 3 + 3 = 201.,201,206,196,204,,A
Analytical Ability,"Find the next number in the series: 37, 42, 34, 39, __",medium,The series alternates +5 and -8. Following the pattern gives 31.,25,31,27,33,,B
Analytical Ability,"Find the next number in the series: 40, 42, 37, 39, __",medium,The series alternates +2 and -5. Following the pattern gives 34.,34,32,40,28,,A
Analytical Ability,"Find the next number in the series: 21, 27, 21, 27, __",medium,The series alternates +6 and -6. Following the pattern gives 21.,23,27,21,17,,C
Analytical Ability,"Find the next number in the series: 22, 24, 26, 28, __",easy,Each term changes by 2. Next term = 28 + 2 = 30.,34,30,31,28,,B
Analytical Ability,"Find the next number in the series: 1, 4, 10, 22, __",hard,Rule: multiply by 2 then add 2. Next term = 22 x 2 + 2 = 46.,49,41,51,46,,D
Analytical Ability,"Find the next number in the series: 1, 4, 16, 64, __",medium,Each term is multiplied by 4. Next term = 64 x 4 = 256.,256,320,192,261,,A
Analytical Ability,"Find the next number in the series: 33, 35, 31, 33, __",medium,The series alternates +2 and -4. Following the pattern gives 29.,31,23,35,29,,D
Analytical Ability,"Find the next number in the series: 9, 11, 13, 15, __",easy,Each term changes by 2. Next term = 15 + 2 = 17.,17,18,21,19,,A
Analytical Ability,"Find the next number in the series: 4, 9, 16, 25, __",medium,"These are consecutive perfect squares: 2^2, 3^2, 4^2, 5^2. Next = 6^2 = 36.",32,45,36,40,,C
Analytical Ability,"Find the next number in the series: 3, 12, 39, 120, __",hard,Rule: multiply by 3 then add 3. Next term = 120 x 3 + 3 = 363.,363,360,368,371,,A
Analytical Ability,"Find the next number in the series: 5, 25, 125, 625, __",medium,Each term is multiplied by 5. Next term = 625 x 5 = 3125.,3125,2083,3130,2343,,A
Analytical Ability,"Find the next number in the series: 32, 35, 31, 34, __",medium,The series alternates +3 and -4. Following the pattern gives 30.,36,30,28,24,,B
Analytical Ability,"Find the next number in the series: 14, 16, 14, 16, __",medium,The series alternates +2 and -2. Following the pattern gives 14.,16,8,14,20,,C
Analytical Ability,"Find the next number in the series: 10, 17, 11, 18, __",medium,The series alternates +7 and -6. Following the pattern gives 12.,8,14,16,12,,D
Analytical Ability,"Find the next number in the series: 19, 14, 9, 4, __",easy,Each term changes by -5. Next term = 4 - 5 = -1.,-1,11.40,9,4,,A
Analytical Ability,"Find the next letter in the series: B, C, D, E, __",easy,Each letter advances by 1 in the alphabet. After E comes F.,M,V,F,H,,C
Analytical Ability,"Find the next letter in the series: C, D, E, F, __",easy,Each letter advances by 1 in the alphabet. After F comes G.,L,G,Z,N,,B
Analytical Ability,"Find the next letter in the series: E, G, I, K, __",easy,Each letter advances by 2 in the alphabet. After K comes M.,B,M,Z,L,,B
Analytical Ability,"Find the next letter in the series: B, E, H, K, __",easy,Each letter advances by 3 in the alphabet. After K comes N.,K,P,N,X,,C
Analytical Ability,"Find the next letter in the series: G, H, I, J, __",easy,Each letter advances by 1 in the alphabet. After J comes K.,U,K,T,Z,,B
Analytical Ability,"Find the next letter in the series: I, J, K, L, __",easy,Each letter advances by 1 in the alphabet. After L comes M.,M,H,T,P,,A
Analytical Ability,"Find the next letter in the series: F, H, J, L, __",easy,Each letter advances by 2 in the alphabet. After L comes N.,N,Z,O,P,,A
Analytical Ability,"Find the next letter in the series: A, B, C, D, __",easy,Each letter advances by 1 in the alphabet. After D comes E.,E,U,B,H,,A
Analytical Ability,"Find the next letter in the series: I, L, O, R, __",easy,Each letter advances by 3 in the alphabet. After R comes U.,K,C,X,U,,D
Analytical Ability,"Find the next letter in the series: B, D, F, H, __",easy,Each letter advances by 2 in the alphabet. After H comes J.,Z,D,M,J,,D
Analytical Ability,"Find the next letter in the series: C, F, I, L, __",easy,Each letter advances by 3 in the alphabet. After L comes O.,Y,X,N,O,,D
Analytical Ability,"Find the next letter in the series: J, L, N, P, __",easy,Each letter advances by 2 in the alphabet. After P comes R.,F,R,B,V,,B
Analytical Ability,"Find the next letter in the series: A, D, G, J, __",easy,Each letter advances by 3 in the alphabet. After J comes M.,E,K,D,M,,D
Analytical Ability,"Find the next letter in the series: E, F, G, H, __",easy,Each letter advances by 1 in the alphabet. After H comes I.,U,I,D,W,,B
Analytical Ability,"Find the next letter in the series: K, L, M, N, __",easy,Each letter advances by 1 in the alphabet. After N comes O.,O,A,Q,T,,A
Analytical Ability,"Find the next letter in the series: D, F, H, J, __",easy,Each letter advances by 2 in the alphabet. After J comes L.,N,Y,J,L,,D
Analytical Ability,"Find the next letter in the series: D, E, F, G, __",easy,Each letter advances by 1 in the alphabet. After G comes H.,S,X,H,U,,C
Analytical Ability,"Find the next letter in the series: F, I, L, O, __",easy,Each letter advances by 3 in the alphabet. After O comes R.,X,I,R,T,,C
Analytical Ability,"Find the next letter in the series: E, H, K, N, __",easy,Each letter advances by 3 in the alphabet. After N comes Q.,Q,X,A,G,,A
Analytical Ability,"Find the next letter in the series: H, K, N, Q, __",easy,Each letter advances by 3 in the alphabet. After Q comes T.,F,T,R,E,,B
Analytical Ability,"Find the next letter in the series: G, I, K, M, __",easy,Each letter advances by 2 in the alphabet. After M comes O.,X,M,O,I,,C
Analytical Ability,"Find the next letter in the series: F, G, H, I, __",easy,Each letter advances by 1 in the alphabet. After I comes J.,P,J,D,N,,B
Analytical Ability,"Find the next letter in the series: J, M, P, S, __",easy,Each letter advances by 3 in the alphabet. After S comes V.,V,S,M,O,,A
Analytical Ability,"Find the next letter in the series: A, C, E, G, __",easy,Each letter advances by 2 in the alphabet. After G comes I.,A,I,C,W,,B
Analytical Ability,"Find the next letter in the series: K, M, O, Q, __",easy,Each letter advances by 2 in the alphabet. After Q comes S.,S,C,Z,A,,A
Analytical Ability,"Which number does NOT belong with the others: 90, 45, 56, 5?",medium,All the other numbers are multiples of 5; this one is not.,56,45,90,5,,A
Analytical Ability,"Which number does NOT belong with the others: 16, 9, 81, 66?",medium,All the other numbers are perfect squares; this one is not.,16,9,66,81,,C
Analytical Ability,"Which number does NOT belong with the others: 80, 50, 40, 16?",medium,All the other numbers are multiples of 5; this one is not.,80,16,50,40,,B
Analytical Ability,"Which number does NOT belong with the others: 9, 37, 5, 2?",medium,All the other numbers are prime; this one is not.,37,9,2,5,,B
Analytical Ability,"Which number does NOT belong with the others: 14, 4, 9, 22?",medium,All the other numbers are even; this one is odd.,9,4,14,22,,A
Analytical Ability,"Which number does NOT belong with the others: 54, 18, 33, 44?",medium,All the other numbers are multiples of 3; this one is not.,44,54,18,33,,A
Analytical Ability,"Which number does NOT belong with the others: 6, 39, 44, 48?",medium,All the other numbers are multiples of 3; this one is not.,39,44,6,48,,B
Analytical Ability,"Which number does NOT belong with the others: 72, 16, 81, 4?",medium,All the other numbers are perfect squares; this one is not.,81,4,16,72,,D
Analytical Ability,"Which number does NOT belong with the others: 42, 15, 34, 54?",medium,All the other numbers are multiples of 3; this one is not.,34,54,15,42,,A
Analytical Ability,"Which number does NOT belong with the others: 25, 36, 86, 16?",medium,All the other numbers are perfect squares; this one is not.,16,25,86,36,,C
Analytical Ability,"Which number does NOT belong with the others: 2, 31, 47, 42?",medium,All the other numbers are prime; this one is not.,47,2,31,42,,D
Analytical Ability,"Which number does NOT belong with the others: 16, 96, 49, 9?",medium,All the other numbers are perfect squares; this one is not.,9,49,96,16,,C
Analytical Ability,"Which number does NOT belong with the others: 3, 41, 5, 22?",medium,All the other numbers are prime; this one is not.,41,5,22,3,,C
Analytical Ability,"Which number does NOT belong with the others: 12, 20, 57, 33?",medium,All the other numbers are multiples of 3; this one is not.,20,33,12,57,,A
Analytical Ability,"Which number does NOT belong with the others: 55, 15, 70, 26?",medium,All the other numbers are multiples of 5; this one is not.,70,26,15,55,,B
Analytical Ability,"Which number does NOT belong with the others: 95, 53, 90, 20?",medium,All the other numbers are multiples of 5; this one is not.,90,95,53,20,,C
Analytical Ability,"Which number does NOT belong with the others: 64, 25, 121, 10?",medium,All the other numbers are perfect squares; this one is not.,25,121,64,10,,D
Analytical Ability,"Which number does NOT belong with the others: 6, 36, 17, 32?",medium,All the other numbers are even; this one is odd.,36,32,6,17,,D
Analytical Ability,"Which number does NOT belong with the others: 112, 4, 16, 25?",medium,All the other numbers are perfect squares; this one is not.,25,112,16,4,,B
Analytical Ability,"Which number does NOT belong with the others: 73, 25, 40, 55?",medium,All the other numbers are multiples of 5; this one is not.,40,73,55,25,,B
Analytical Ability,"Which number does NOT belong with the others: 36, 16, 6, 25?",medium,All the other numbers are perfect squares; this one is not.,25,6,16,36,,B
Analytical Ability,"Which number does NOT belong with the others: 36, 81, 29, 4?",medium,All the other numbers are perfect squares; this one is not.,36,81,4,29,,D
Analytical Ability,"Which number does NOT belong with the others: 48, 10, 65, 85?",medium,All the other numbers are multiples of 5; this one is not.,85,48,65,10,,B
Analytical Ability,"Which number does NOT belong with the others: 41, 48, 5, 43?",medium,All the other numbers are prime; this one is not.,48,43,41,5,,A
Analytical Ability,"Which number does NOT belong with the others: 2, 18, 31, 29?",medium,All the other numbers are prime; this one is not.,31,2,29,18,,D
Analytical Ability,"Which of the following does NOT belong with the others: Skeleton, Heart, Lungs, Liver?",easy,Skeleton does not belong because the rest are single organs; a skeleton is a system of bones.,Skeleton,Liver,Heart,Lungs,,A
Analytical Ability,"Which of the following does NOT belong with the others: Witness, Lawyer, Judge, Electrician?",easy,Electrician does not belong because the rest are typically found in a courtroom setting.,Electrician,Judge,Witness,Lawyer,,A
Analytical Ability,"Which of the following does NOT belong with the others: Bee, Butterfly, Spider, Ant?",easy,Spider does not belong because insects have six legs; a spider has eight and is not an insect.,Butterfly,Bee,Ant,Spider,,D
Analytical Ability,"Which of the following does NOT belong with the others: Moon, Sun, River, Star?",easy,River does not belong because the rest are celestial bodies; a river is a body of water on land.,Moon,River,Sun,Star,,B
Analytical Ability,"Which of the following does NOT belong with the others: Umbrella, Envelope, Stamp, Letter?",easy,Umbrella does not belong because the rest relate to mailing a letter.,Stamp,Letter,Envelope,Umbrella,,D
Analytical Ability,"Which of the following does NOT belong with the others: Wolf, Tiger, Lion, Sparrow?",easy,Sparrow does not belong because the rest are mammals; a sparrow is a bird.,Sparrow,Tiger,Wolf,Lion,,A
Analytical Ability,"Which of the following does NOT belong with the others: Judge, Witness, Electrician, Lawyer?",easy,Electrician does not belong because the rest are typically found in a courtroom setting.,Lawyer,Judge,Electrician,Witness,,C
Analytical Ability,"Which of the following does NOT belong with the others: City, Senator, Barangay, Municipality?",easy,Senator does not belong because the rest are local government units; a senator is a national official.,Barangay,Municipality,Senator,City,,C
Analytical Ability,"Which of the following does NOT belong with the others: Pen, Eraser, Crayon, Pencil?",easy,Eraser does not belong because the rest are used for writing or drawing; an eraser is used to remove marks.,Crayon,Eraser,Pen,Pencil,,B
Analytical Ability,"Which of the following does NOT belong with the others: Principal, Janitor, Student, Teacher?",easy,Student does not belong because the rest are school staff/employees; a student is not staff.,Principal,Student,Teacher,Janitor,,B
Analytical Ability,"Which of the following does NOT belong with the others: Bee, Butterfly, Ant, Spider?",easy,Spider does not belong because insects have six legs; a spider has eight and is not an insect.,Spider,Butterfly,Bee,Ant,,A
Analytical Ability,"Which of the following does NOT belong with the others: Rice, Chicken, Wheat, Corn?",easy,Chicken does not belong because the rest are grains/crops; chicken is not a plant crop.,Rice,Corn,Chicken,Wheat,,C
Analytical Ability,"Which of the following does NOT belong with the others: Dollar, Euro, Peso, Passport?",easy,Passport does not belong because the rest are currencies; a passport is a travel document.,Peso,Passport,Euro,Dollar,,B
Analytical Ability,"Which of the following does NOT belong with the others: Guitar, Hammer, Violin, Piano?",easy,Hammer does not belong because the rest are musical instruments; a hammer is a tool.,Piano,Violin,Guitar,Hammer,,D
Analytical Ability,"Which of the following does NOT belong with the others: Corn, Rice, Chicken, Wheat?",easy,Chicken does not belong because the rest are grains/crops; chicken is not a plant crop.,Corn,Rice,Chicken,Wheat,,C
Analytical Ability,"Which of the following does NOT belong with the others: Wolf, Lion, Sparrow, Tiger?",easy,Sparrow does not belong because the rest are mammals; a sparrow is a bird.,Tiger,Sparrow,Lion,Wolf,,B
Analytical Ability,"Which of the following does NOT belong with the others: Electrician, Lawyer, Witness, Judge?",easy,Electrician does not belong because the rest are typically found in a courtroom setting.,Witness,Electrician,Judge,Lawyer,,B
Analytical Ability,"Which of the following does NOT belong with the others: Drill, Saw, Ladle, Hammer?",easy,Ladle does not belong because the rest are carpentry tools; a ladle is a kitchen utensil.,Drill,Hammer,Ladle,Saw,,C
Analytical Ability,"Which of the following does NOT belong with the others: Rice, Corn, Wheat, Chicken?",easy,Chicken does not belong because the rest are grains/crops; chicken is not a plant crop.,Rice,Wheat,Corn,Chicken,,D
Analytical Ability,"Which of the following does NOT belong with the others: Moon, Sun, Star, River?",easy,River does not belong because the rest are celestial bodies; a river is a body of water on land.,Moon,River,Sun,Star,,B
Analytical Ability,"In a certain code, ""RIVER"" is written as ""WNAJW"". Using the same code, how is ""DESK"" written?",medium,"Each letter is shifted forward by 5 in the alphabet, so ""DESK"" becomes ""IJXP"".",IJXP,JKYQ,LMAS,GHVN,,A
Analytical Ability,"In a certain code, ""BOOK"" is written as ""IVVR"". Using the same code, how is ""MOON"" written?",medium,"Each letter is shifted forward by 7 in the alphabet, so ""MOON"" becomes ""TVVU"".",VXXW,RTTS,UWWV,TVVU,,D
Analytical Ability,"In a certain code, ""BIRD"" is written as ""IPYK"". Using the same code, how is ""ROAD"" written?",medium,"Each letter is shifted forward by 7 in the alphabet, so ""ROAD"" becomes ""YVHK"".",AXJM,ZWIL,YVHK,XUGJ,,C
Analytical Ability,"In a certain code, ""MOON"" is written as ""OQQP"". Using the same code, how is ""BIRD"" written?",medium,"Each letter is shifted forward by 2 in the alphabet, so ""BIRD"" becomes ""DKTF"".",GNWI,BIRD,CJSE,DKTF,,D
Analytical Ability,"In a certain code, ""SUN"" is written as ""VXQ"". Using the same code, how is ""FISH"" written?",medium,"Each letter is shifted forward by 3 in the alphabet, so ""FISH"" becomes ""ILVK"".",JMWL,ILVK,LOYN,GJTI,,B
Analytical Ability,"In a certain code, ""TREE"" is written as ""AYLL"". Using the same code, how is ""STAR"" written?",medium,"Each letter is shifted forward by 7 in the alphabet, so ""STAR"" becomes ""ZAHY"".",BCJA,YZGX,XYFW,ZAHY,,D
Analytical Ability,"In a certain code, ""TREE"" is written as ""VTGG"". Using the same code, how is ""TABLE"" written?",medium,"Each letter is shifted forward by 2 in the alphabet, so ""TABLE"" becomes ""VCDNG"".",YFGQJ,VCDNG,XEFPI,WDEOH,,B
Analytical Ability,"In a certain code, ""RIVER"" is written as ""XOBKX"". Using the same code, how is ""CHAIR"" written?",medium,"Each letter is shifted forward by 6 in the alphabet, so ""CHAIR"" becomes ""INGOX"".",LQJRA,GLEMV,INGOX,KPIQZ,,C
Analytical Ability,"In a certain code, ""BIRD"" is written as ""ELUG"". Using the same code, how is ""MOON"" written?",medium,"Each letter is shifted forward by 3 in the alphabet, so ""MOON"" becomes ""PRRQ"".",NPPO,RTTS,SUUT,PRRQ,,D
Analytical Ability,"In a certain code, ""SUN"" is written as ""VXQ"". Using the same code, how is ""LAMP"" written?",medium,"Each letter is shifted forward by 3 in the alphabet, so ""LAMP"" becomes ""ODPS"".",ODPS,PEQT,MBNQ,NCOR,,A
Analytical Ability,"In a certain code, ""BIRD"" is written as ""CJSE"". Using the same code, how is ""SUN"" written?",medium,"Each letter is shifted forward by 1 in the alphabet, so ""SUN"" becomes ""TVO"".",RTM,TVO,WYR,VXQ,,B
Analytical Ability,"In a certain code, ""LAMP"" is written as ""RGSV"". Using the same code, how is ""FISH"" written?",medium,"Each letter is shifted forward by 6 in the alphabet, so ""FISH"" becomes ""LOYN"".",ORBQ,LOYN,KNXM,MPZO,,B
Analytical Ability,"In a certain code, ""TABLE"" is written as ""XEFPI"". Using the same code, how is ""CAT"" written?",medium,"Each letter is shifted forward by 4 in the alphabet, so ""CAT"" becomes ""GEX"".",IGZ,GEX,JHA,FDW,,B
Analytical Ability,"In a certain code, ""RIVER"" is written as ""TKXGT"". Using the same code, how is ""TREE"" written?",medium,"Each letter is shifted forward by 2 in the alphabet, so ""TREE"" becomes ""VTGG"".",YWJJ,XVII,VTGG,WUHH,,C
Analytical Ability,"In a certain code, ""MOON"" is written as ""TVVU"". Using the same code, how is ""TREE"" written?",medium,"Each letter is shifted forward by 7 in the alphabet, so ""TREE"" becomes ""AYLL"".",CANN,YWJJ,AYLL,DBOO,,C
Analytical Ability,"In a certain code, ""TREE"" is written as ""YWJJ"". Using the same code, how is ""DOG"" written?",medium,"Each letter is shifted forward by 5 in the alphabet, so ""DOG"" becomes ""ITL"".",JUM,ITL,GRJ,KVN,,B
Analytical Ability,"In a certain code, ""CHAIR"" is written as ""DIBJS"". Using the same code, how is ""HOUSE"" written?",medium,"Each letter is shifted forward by 1 in the alphabet, so ""HOUSE"" becomes ""IPVTF"".",GNTRD,JQWUG,KRXVH,IPVTF,,D
Analytical Ability,"In a certain code, ""ROAD"" is written as ""SPBE"". Using the same code, how is ""DOG"" written?",medium,"Each letter is shifted forward by 1 in the alphabet, so ""DOG"" becomes ""EPH"".",DOG,HSK,EPH,FQI,,C
Analytical Ability,"In a certain code, ""BOOK"" is written as ""ERRN"". Using the same code, how is ""PEN"" written?",medium,"Each letter is shifted forward by 3 in the alphabet, so ""PEN"" becomes ""SHQ"".",SHQ,RGP,QFO,TIR,,A
Analytical Ability,"In a certain code, ""BIRD"" is written as ""FMVH"". Using the same code, how is ""BOOK"" written?",medium,"Each letter is shifted forward by 4 in the alphabet, so ""BOOK"" becomes ""FSSO"".",FSSO,ERRN,HUUQ,IVVR,,A
Analytical Ability,"In a certain code, ""DESK"" is written as ""HIWO"". Using the same code, how is ""RIVER"" written?",medium,"Each letter is shifted forward by 4 in the alphabet, so ""RIVER"" becomes ""VMZIV"".",WNAJW,VMZIV,ULYHU,TKXGT,,B
Analytical Ability,"In a certain code, ""ROAD"" is written as ""VSEH"". Using the same code, how is ""HOUSE"" written?",medium,"Each letter is shifted forward by 4 in the alphabet, so ""HOUSE"" becomes ""LSYWI"".",OVBZL,MTZXJ,LSYWI,JQWUG,,C
Analytical Ability,"In a certain code, ""SUN"" is written as ""UWP"". Using the same code, how is ""LAMP"" written?",medium,"Each letter is shifted forward by 2 in the alphabet, so ""LAMP"" becomes ""NCOR"".",MBNQ,LAMP,PEQT,NCOR,,D
Analytical Ability,"In a certain code, ""DESK"" is written as ""FGUM"". Using the same code, how is ""ROAD"" written?",medium,"Each letter is shifted forward by 2 in the alphabet, so ""ROAD"" becomes ""TQCF"".",WTFI,TQCF,URDG,ROAD,,B
Analytical Ability,"In a certain code, ""WATER"" is written as ""CGZKX"". Using the same code, how is ""LAMP"" written?",medium,"Each letter is shifted forward by 6 in the alphabet, so ""LAMP"" becomes ""RGSV"".",SHTW,QFRU,RGSV,PEQT,,C
Analytical Ability,"In a certain code, ""LAMP"" is written as ""PEQT"". Using the same code, how is ""CLOCK"" written?",medium,"Each letter is shifted forward by 4 in the alphabet, so ""CLOCK"" becomes ""GPSGO"".",HQTHP,FORFN,ENQEM,GPSGO,,D
Analytical Ability,"In a certain code, ""RIVER"" is written as ""SJWFS"". Using the same code, how is ""TREE"" written?",medium,"Each letter is shifted forward by 1 in the alphabet, so ""TREE"" becomes ""USFF"".",XVII,TREE,USFF,SQDD,,C
Analytical Ability,"In a certain code, ""TABLE"" is written as ""UBCMF"". Using the same code, how is ""STAR"" written?",medium,"Each letter is shifted forward by 1 in the alphabet, so ""STAR"" becomes ""TUBS"".",WXEV,VWDU,RSZQ,TUBS,,D
Analytical Ability,"In a certain code, ""DESK"" is written as ""JKYQ"". Using the same code, how is ""TREE"" written?",medium,"Each letter is shifted forward by 6 in the alphabet, so ""TREE"" becomes ""ZXKK"".",ZXKK,AYLL,BZMM,XVII,,A
Analytical Ability,"In a certain code, ""CLOCK"" is written as ""ENQEM"". Using the same code, how is ""PAPER"" written?",medium,"Each letter is shifted forward by 2 in the alphabet, so ""PAPER"" becomes ""RCRGT"".",PAPER,RCRGT,UFUJW,SDSHU,,B
Analytical Ability,Henry is the husband of Pia. Pia's mother is Grace. How is Grace related to Henry?,medium,Tracing the relationships step by step shows that Grace is Henry's mother-in-law.,Grandfather,Brother,Niece,Mother-in-law,,D
Analytical Ability,Ben is the father of Grace. Grace is the mother of Nico. How is Ben related to Nico?,medium,Tracing the relationships step by step shows that Nico is Ben's grandfather.,Cousin,Grandfather,Aunt,Mother-in-law,,B
Analytical Ability,Karla is the sister of Henry. Henry's daughter is Cora. How is Cora related to Karla?,medium,Tracing the relationships step by step shows that Cora is Karla's niece.,Cousin,Grandfather,Aunt,Niece,,D
Analytical Ability,Cora's mother is Mila. Mila's sister is Ana. How is Ana related to Cora?,medium,Tracing the relationships step by step shows that Ana is Cora's aunt.,Nephew,Aunt,Niece,Father,,B
Analytical Ability,"Cora is the sister of Jun. Jun is the son of Mila, who is a woman. How is Mila related to Cora?",medium,Tracing the relationships step by step shows that Mila is Cora's mother.,Aunt,Brother,Mother,Cousin,,C
Analytical Ability,Rico is the husband of Pia. Pia's mother is Mila. How is Mila related to Rico?,medium,Tracing the relationships step by step shows that Mila is Rico's mother-in-law.,Grandmother,Uncle,Cousin,Mother-in-law,,D
Analytical Ability,Ana's father is Owen. Owen's brother is Rico. How is Rico related to Ana?,medium,Tracing the relationships step by step shows that Rico is Ana's uncle.,Nephew,Grandmother,Father,Uncle,,D
Analytical Ability,Cora's mother is Karla. Karla's sister is Elena. How is Elena related to Cora?,medium,Tracing the relationships step by step shows that Elena is Cora's aunt.,Father,Mother-in-law,Brother,Aunt,,D
Analytical Ability,Rico's mother is Cora. Cora's sister is Karla. How is Karla related to Rico?,medium,Tracing the relationships step by step shows that Karla is Rico's aunt.,Aunt,Nephew,Sister,Grandfather,,A
Analytical Ability,Ana is the sister of Jun. Jun's daughter is Bea. How is Bea related to Ana?,medium,Tracing the relationships step by step shows that Bea is Ana's niece.,Niece,Uncle,Mother,Father-in-law,,A
Analytical Ability,Owen is the husband of Ivy. Ivy's mother is Cora. How is Cora related to Owen?,medium,Tracing the relationships step by step shows that Cora is Owen's mother-in-law.,Father-in-law,Cousin,Mother-in-law,Aunt,,C
Analytical Ability,Fitz is the son of Cora. Bea is the daughter of Cora. How is Bea related to Fitz?,medium,Tracing the relationships step by step shows that Bea is Fitz's sister.,Brother,Nephew,Cousin,Sister,,D
Analytical Ability,Grace is the mother of Leo. Leo is the father of Fitz. How is Grace related to Fitz?,medium,Tracing the relationships step by step shows that Fitz is Grace's grandmother.,Father,Nephew,Mother,Grandmother,,D
Analytical Ability,Bea's mother is Mila. Mila's sister is Ana. How is Ana related to Bea?,medium,Tracing the relationships step by step shows that Ana is Bea's aunt.,Brother,Cousin,Aunt,Uncle,,C
Analytical Ability,"Pia is the sister of Dado. Dado is the son of Grace, who is a woman. How is Grace related to Pia?",medium,Tracing the relationships step by step shows that Grace is Pia's mother.,Mother,Uncle,Aunt,Father-in-law,,A
Analytical Ability,Jun is the brother of Karla. Karla's son is Leo. How is Leo related to Jun?,medium,Tracing the relationships step by step shows that Leo is Jun's nephew.,Uncle,Nephew,Sister,Niece,,B
Analytical Ability,Ben is the brother of Mila. Mila's son is Nico. How is Nico related to Ben?,medium,Tracing the relationships step by step shows that Nico is Ben's nephew.,Niece,Mother-in-law,Uncle,Nephew,,D
Analytical Ability,Mila is the sister of Fitz. Fitz's daughter is Karla. How is Karla related to Mila?,medium,Tracing the relationships step by step shows that Karla is Mila's niece.,Mother,Niece,Sister,Father,,B
Analytical Ability,Mila is the sister of Shaira. Shaira's daughter is Grace. How is Grace related to Mila?,medium,Tracing the relationships step by step shows that Grace is Mila's niece.,Niece,Mother,Brother,Aunt,,A
Analytical Ability,Jun is the brother of Mila. Mila's son is Nico. How is Nico related to Jun?,medium,Tracing the relationships step by step shows that Nico is Jun's nephew.,Aunt,Cousin,Mother-in-law,Nephew,,D
Analytical Ability,"Juan starts facing East. Juan then turns right, then turns left, then turns left, then turns right (each turn is a 90-degree turn, no U-turns). Which direction is Juan now facing?",medium,Starting at East and applying each 90-degree turn in order results in facing East.,East,North,West,South,,A
Analytical Ability,"Juan starts facing North. Juan then turns left, then turns left (each turn is a 90-degree turn, no U-turns). Which direction is Juan now facing?",medium,Starting at North and applying each 90-degree turn in order results in facing South.,West,South,North,East,,B
Analytical Ability,"Maria starts facing East. Maria then turns left, then turns right, then turns right (each turn is a 90-degree turn, no U-turns). Which direction is Maria now facing?",medium,Starting at East and applying each 90-degree turn in order results in facing South.,North,East,South,West,,C
Analytical Ability,"Rosa starts facing South. Rosa then turns left, then turns right, then turns left, then turns left (each turn is a 90-degree turn, no U-turns). Which direction is Rosa now facing?",medium,Starting at South and applying each 90-degree turn in order results in facing North.,West,North,South,East,,B
Analytical Ability,"Juan starts facing East. Juan then turns right, then turns left, then turns left (each turn is a 90-degree turn, no U-turns). Which direction is Juan now facing?",medium,Starting at East and applying each 90-degree turn in order results in facing North.,South,North,East,West,,B
Analytical Ability,"Juan starts facing South. Juan then turns right, then turns left, then turns right (each turn is a 90-degree turn, no U-turns). Which direction is Juan now facing?",medium,Starting at South and applying each 90-degree turn in order results in facing West.,North,East,West,South,,C
Analytical Ability,"Pedro starts facing North. Pedro then turns right, then turns left (each turn is a 90-degree turn, no U-turns). Which direction is Pedro now facing?",medium,Starting at North and applying each 90-degree turn in order results in facing North.,North,West,East,South,,A
Analytical Ability,"Juan starts facing West. Juan then turns left, then turns left (each turn is a 90-degree turn, no U-turns). Which direction is Juan now facing?",medium,Starting at West and applying each 90-degree turn in order results in facing East.,South,East,West,North,,B
Analytical Ability,"Liza starts facing East. Liza then turns left, then turns left, then turns right (each turn is a 90-degree turn, no U-turns). Which direction is Liza now facing?",medium,Starting at East and applying each 90-degree turn in order results in facing North.,South,East,West,North,,D
Analytical Ability,"Rosa starts facing East. Rosa then turns right, then turns right (each turn is a 90-degree turn, no U-turns). Which direction is Rosa now facing?",medium,Starting at East and applying each 90-degree turn in order results in facing West.,West,East,North,South,,A
Analytical Ability,"Noel starts facing East. Noel then turns right, then turns left (each turn is a 90-degree turn, no U-turns). Which direction is Noel now facing?",medium,Starting at East and applying each 90-degree turn in order results in facing East.,West,South,North,East,,D
Analytical Ability,"Pedro starts facing East. Pedro then turns left, then turns right, then turns right (each turn is a 90-degree turn, no U-turns). Which direction is Pedro now facing?",medium,Starting at East and applying each 90-degree turn in order results in facing South.,East,North,West,South,,D
Analytical Ability,"Noel starts facing East. Noel then turns right, then turns right (each turn is a 90-degree turn, no U-turns). Which direction is Noel now facing?",medium,Starting at East and applying each 90-degree turn in order results in facing West.,East,West,South,North,,B
Analytical Ability,"Liza starts facing East. Liza then turns left, then turns left (each turn is a 90-degree turn, no U-turns). Which direction is Liza now facing?",medium,Starting at East and applying each 90-degree turn in order results in facing West.,East,West,South,North,,B
Analytical Ability,"Liza starts facing West. Liza then turns right, then turns left, then turns right, then turns left (each turn is a 90-degree turn, no U-turns). Which direction is Liza now facing?",medium,Starting at West and applying each 90-degree turn in order results in facing West.,East,West,South,North,,B
Analytical Ability,"Liza starts facing East. Liza then turns right, then turns left, then turns right (each turn is a 90-degree turn, no U-turns). Which direction is Liza now facing?",medium,Starting at East and applying each 90-degree turn in order results in facing South.,East,North,South,West,,C
Analytical Ability,"Rosa starts facing East. Rosa then turns right, then turns left, then turns right (each turn is a 90-degree turn, no U-turns). Which direction is Rosa now facing?",medium,Starting at East and applying each 90-degree turn in order results in facing South.,North,South,East,West,,B
Analytical Ability,"Maria starts facing North. Maria then turns right, then turns right, then turns right, then turns right (each turn is a 90-degree turn, no U-turns). Which direction is Maria now facing?",medium,Starting at North and applying each 90-degree turn in order results in facing North.,West,South,East,North,,D
Analytical Ability,"Maria starts facing West. Maria then turns right, then turns right, then turns right, then turns right (each turn is a 90-degree turn, no U-turns). Which direction is Maria now facing?",medium,Starting at West and applying each 90-degree turn in order results in facing West.,North,South,East,West,,D
Analytical Ability,"Maria starts facing South. Maria then turns left, then turns left (each turn is a 90-degree turn, no U-turns). Which direction is Maria now facing?",medium,Starting at South and applying each 90-degree turn in order results in facing North.,North,South,West,East,,A
Analytical Ability,"If August 15 falls on a Wednesday, what day of the week will it be 49 days later?",hard,"49 days later is 49 mod 7 = 0 day(s) after Wednesday, which is Wednesday.",Sunday,Saturday,Wednesday,Thursday,,C
Analytical Ability,"If October 20 falls on a Thursday, what day of the week will it be 50 days later?",hard,"50 days later is 50 mod 7 = 1 day(s) after Thursday, which is Friday.",Friday,Monday,Wednesday,Saturday,,A
Analytical Ability,"If October 20 falls on a Tuesday, what day of the week will it be 52 days later?",hard,"52 days later is 52 mod 7 = 3 day(s) after Tuesday, which is Friday.",Sunday,Wednesday,Saturday,Friday,,D
Analytical Ability,"If October 20 falls on a Sunday, what day of the week will it be 39 days later?",hard,"39 days later is 39 mod 7 = 4 day(s) after Sunday, which is Thursday.",Saturday,Thursday,Tuesday,Monday,,B
Analytical Ability,"If October 20 falls on a Wednesday, what day of the week will it be 28 days later?",hard,"28 days later is 28 mod 7 = 0 day(s) after Wednesday, which is Wednesday.",Wednesday,Sunday,Monday,Friday,,A
Analytical Ability,"If June 10 falls on a Saturday, what day of the week will it be 59 days later?",hard,"59 days later is 59 mod 7 = 3 day(s) after Saturday, which is Tuesday.",Friday,Saturday,Tuesday,Sunday,,C
Analytical Ability,"If January 1 falls on a Monday, what day of the week will it be 56 days later?",hard,"56 days later is 56 mod 7 = 0 day(s) after Monday, which is Monday.",Monday,Saturday,Sunday,Thursday,,A
Analytical Ability,"If August 15 falls on a Friday, what day of the week will it be 21 days later?",hard,"21 days later is 21 mod 7 = 0 day(s) after Friday, which is Friday.",Wednesday,Saturday,Thursday,Friday,,D
Analytical Ability,"If March 5 falls on a Thursday, what day of the week will it be 23 days later?",hard,"23 days later is 23 mod 7 = 2 day(s) after Thursday, which is Saturday.",Wednesday,Saturday,Thursday,Friday,,B
Analytical Ability,"If March 5 falls on a Wednesday, what day of the week will it be 41 days later?",hard,"41 days later is 41 mod 7 = 6 day(s) after Wednesday, which is Tuesday.",Saturday,Tuesday,Wednesday,Friday,,B
Clerical Ability,"Arrange alphabetically: Orange, Quezon, Mango, Scanner. Which word comes third?",easy,"In alphabetical order: Mango, Orange, Quezon, Scanner. The third word is Quezon.",Orange,Mango,Quezon,Scanner,,C
Clerical Ability,"Arrange alphabetically: Memo, Eagle, Palawan, Punch. Which word comes third?",easy,"In alphabetical order: Eagle, Memo, Palawan, Punch. The third word is Palawan.",Memo,Eagle,Palawan,Punch,,C
Clerical Ability,"Arrange alphabetically: Laguna, Scanner, Iloilo, Manila. Which word comes third?",easy,"In alphabetical order: Iloilo, Laguna, Manila, Scanner. The third word is Manila.",Iloilo,Manila,Scanner,Laguna,,B
Clerical Ability,"Arrange alphabetically: Punch, Cabinet, Notebook, Leyte. Which word comes first?",easy,"In alphabetical order: Cabinet, Leyte, Notebook, Punch. The first word is Cabinet.",Punch,Leyte,Notebook,Cabinet,,D
Clerical Ability,"Arrange alphabetically: Quezon, Bulletin, Calendar, Notebook. Which word comes first?",easy,"In alphabetical order: Bulletin, Calendar, Notebook, Quezon. The first word is Bulletin.",Notebook,Bulletin,Calendar,Quezon,,B
Clerical Ability,"Arrange alphabetically: Cebu, Calculator, Cavite, Pigeon. Which word comes last?",easy,"In alphabetical order: Calculator, Cavite, Cebu, Pigeon. The last word is Pigeon.",Pigeon,Calculator,Cebu,Cavite,,A
Clerical Ability,"Arrange alphabetically: Samar, Drawer, Binder, Ledger. Which word comes first?",easy,"In alphabetical order: Binder, Drawer, Ledger, Samar. The first word is Binder.",Drawer,Ledger,Samar,Binder,,D
Clerical Ability,"Arrange alphabetically: Manila, Scissors, Pigeon, Falcon. Which word comes second?",easy,"In alphabetical order: Falcon, Manila, Pigeon, Scissors. The second word is Manila.",Manila,Scissors,Falcon,Pigeon,,A
Clerical Ability,"Arrange alphabetically: Envelope, Oriole, Scanner, Falcon. Which word comes first?",easy,"In alphabetical order: Envelope, Falcon, Oriole, Scanner. The first word is Envelope.",Falcon,Scanner,Oriole,Envelope,,D
Clerical Ability,"Arrange alphabetically: Pigeon, Orange, Leyte, Cebu. Which word comes first?",easy,"In alphabetical order: Cebu, Leyte, Orange, Pigeon. The first word is Cebu.",Cebu,Orange,Leyte,Pigeon,,A
Clerical Ability,"Arrange alphabetically: Binder, Cavite, Scanner, Mango. Which word comes first?",easy,"In alphabetical order: Binder, Cavite, Mango, Scanner. The first word is Binder.",Scanner,Binder,Cavite,Mango,,B
Clerical Ability,"Arrange alphabetically: Cabinet, Manila, Lychee, Papaya. Which word comes last?",easy,"In alphabetical order: Cabinet, Lychee, Manila, Papaya. The last word is Papaya.",Papaya,Cabinet,Lychee,Manila,,A
Clerical Ability,"Arrange alphabetically: Drawer, Mynah, Ballpen, Aklan. Which word comes last?",easy,"In alphabetical order: Aklan, Ballpen, Drawer, Mynah. The last word is Mynah.",Aklan,Mynah,Drawer,Ballpen,,B
Clerical Ability,"Arrange alphabetically: Ruler, Glue, Ballpen, Clipboard. Which word comes second?",easy,"In alphabetical order: Ballpen, Clipboard, Glue, Ruler. The second word is Clipboard.",Glue,Ruler,Ballpen,Clipboard,,D
Clerical Ability,"Arrange alphabetically: Receipt, Bulacan, Tarlac, Rambutan. Which word comes third?",easy,"In alphabetical order: Bulacan, Rambutan, Receipt, Tarlac. The third word is Receipt.",Receipt,Tarlac,Rambutan,Bulacan,,A
Clerical Ability,"Arrange alphabetically: Ruler, Scanner, Cabinet, Rambutan. Which word comes first?",easy,"In alphabetical order: Cabinet, Rambutan, Ruler, Scanner. The first word is Cabinet.",Cabinet,Ruler,Scanner,Rambutan,,A
Clerical Ability,"Arrange alphabetically: Tape, Printer, Calculator, Bataan. Which word comes first?",easy,"In alphabetical order: Bataan, Calculator, Printer, Tape. The first word is Bataan.",Calculator,Tape,Printer,Bataan,,D
Clerical Ability,"Arrange alphabetically: Cavite, Rooster, Quezon, Samar. Which word comes third?",easy,"In alphabetical order: Cavite, Quezon, Rooster, Samar. The third word is Rooster.",Samar,Rooster,Cavite,Quezon,,B
Clerical Ability,"Arrange alphabetically: Rambutan, Guava, Kingfisher, Calculator. Which word comes second?",easy,"In alphabetical order: Calculator, Guava, Kingfisher, Rambutan. The second word is Guava.",Guava,Kingfisher,Rambutan,Calculator,,A
Clerical Ability,"Arrange alphabetically: Quezon, Leyte, Organizer, Clipboard. Which word comes third?",easy,"In alphabetical order: Clipboard, Leyte, Organizer, Quezon. The third word is Organizer.",Organizer,Clipboard,Leyte,Quezon,,A
Clerical Ability,"Arrange alphabetically: Cebu, Ledger, Bataan, Ballpen. Which word comes third?",easy,"In alphabetical order: Ballpen, Bataan, Cebu, Ledger. The third word is Cebu.",Ledger,Cebu,Ballpen,Bataan,,B
Clerical Ability,"Arrange alphabetically: Invoice, Orange, Bookshelf, Scissors. Which word comes third?",easy,"In alphabetical order: Bookshelf, Invoice, Orange, Scissors. The third word is Orange.",Bookshelf,Invoice,Scissors,Orange,,D
Clerical Ability,"Arrange alphabetically: Invoice, Orange, Durian, Pomelo. Which word comes last?",easy,"In alphabetical order: Durian, Invoice, Orange, Pomelo. The last word is Pomelo.",Pomelo,Durian,Orange,Invoice,,A
Clerical Ability,"Arrange alphabetically: Orange, Durian, Oriole, Bookshelf. Which word comes last?",easy,"In alphabetical order: Bookshelf, Durian, Orange, Oriole. The last word is Oriole.",Orange,Oriole,Bookshelf,Durian,,B
Clerical Ability,"Arrange alphabetically: Scanner, Eagle, Manila, Bohol. Which word comes first?",easy,"In alphabetical order: Bohol, Eagle, Manila, Scanner. The first word is Bohol.",Manila,Bohol,Scanner,Eagle,,B
Clerical Ability,"Arrange alphabetically: Voucher, Memo, Eagle, Ledger. Which word comes second?",easy,"In alphabetical order: Eagle, Ledger, Memo, Voucher. The second word is Ledger.",Eagle,Memo,Ledger,Voucher,,C
Clerical Ability,"Arrange alphabetically: Bataan, Cabinet, Circular, Organizer. Which word comes last?",easy,"In alphabetical order: Bataan, Cabinet, Circular, Organizer. The last word is Organizer.",Circular,Bataan,Cabinet,Organizer,,D
Clerical Ability,"Arrange alphabetically: Cavite, Scanner, Bulacan, Aklan. Which word comes last?",easy,"In alphabetical order: Aklan, Bulacan, Cavite, Scanner. The last word is Scanner.",Cavite,Scanner,Bulacan,Aklan,,B
Clerical Ability,"Arrange alphabetically: Tape, Eraser, Glue, Clipboard. Which word comes last?",easy,"In alphabetical order: Clipboard, Eraser, Glue, Tape. The last word is Tape.",Eraser,Glue,Tape,Clipboard,,C
Clerical Ability,"Arrange alphabetically: Heron, Leyte, Banana, Tape. Which word comes last?",easy,"In alphabetical order: Banana, Heron, Leyte, Tape. The last word is Tape.",Banana,Heron,Leyte,Tape,,D
Clerical Ability,"Arrange alphabetically: Pencil, Tarlac, Kingfisher, Falcon. Which word comes last?",easy,"In alphabetical order: Falcon, Kingfisher, Pencil, Tarlac. The last word is Tarlac.",Falcon,Pencil,Tarlac,Kingfisher,,C
Clerical Ability,"Arrange alphabetically: Durian, Circular, Falcon, Bulacan. Which word comes second?",easy,"In alphabetical order: Bulacan, Circular, Durian, Falcon. The second word is Circular.",Bulacan,Durian,Falcon,Circular,,D
Clerical Ability,"Arrange alphabetically: Manila, Mango, Voucher, Marker. Which word comes second?",easy,"In alphabetical order: Mango, Manila, Marker, Voucher. The second word is Manila.",Mango,Voucher,Marker,Manila,,D
Clerical Ability,"Arrange alphabetically: Samar, Rizal, Stapler, Lychee. Which word comes third?",easy,"In alphabetical order: Lychee, Rizal, Samar, Stapler. The third word is Samar.",Stapler,Samar,Lychee,Rizal,,B
Clerical Ability,"Arrange alphabetically: Calculator, Scissors, Quezon, Zambales. Which word comes last?",easy,"In alphabetical order: Calculator, Quezon, Scissors, Zambales. The last word is Zambales.",Calculator,Quezon,Scissors,Zambales,,D
Clerical Ability,"Arrange alphabetically: Quezon, Mynah, Kingfisher, Circular. Which word comes second?",easy,"In alphabetical order: Circular, Kingfisher, Mynah, Quezon. The second word is Kingfisher.",Quezon,Circular,Mynah,Kingfisher,,D
Clerical Ability,"Arrange alphabetically: Printer, Cabinet, Bulletin, Memo. Which word comes second?",easy,"In alphabetical order: Bulletin, Cabinet, Memo, Printer. The second word is Cabinet.",Printer,Cabinet,Bulletin,Memo,,B
Clerical Ability,"Arrange alphabetically: Durian, Rooster, Drawer, Circular. Which word comes third?",easy,"In alphabetical order: Circular, Drawer, Durian, Rooster. The third word is Durian.",Drawer,Circular,Durian,Rooster,,C
Clerical Ability,"Arrange alphabetically: Punch, Sparrow, Palawan, Bulacan. Which word comes third?",easy,"In alphabetical order: Bulacan, Palawan, Punch, Sparrow. The third word is Punch.",Bulacan,Sparrow,Palawan,Punch,,D
Clerical Ability,"Arrange alphabetically: Quezon, Eagle, Aklan, Heron. Which word comes last?",easy,"In alphabetical order: Aklan, Eagle, Heron, Quezon. The last word is Quezon.",Aklan,Eagle,Heron,Quezon,,D
Clerical Ability,"Arrange alphabetically: Pencil, Papaya, Cebu, Cavite. Which word comes first?",easy,"In alphabetical order: Cavite, Cebu, Papaya, Pencil. The first word is Cavite.",Cebu,Pencil,Papaya,Cavite,,D
Clerical Ability,"Arrange alphabetically: Organizer, Scanner, Manila, Heron. Which word comes second?",easy,"In alphabetical order: Heron, Manila, Organizer, Scanner. The second word is Manila.",Organizer,Manila,Scanner,Heron,,B
Clerical Ability,"Arrange alphabetically: Calendar, Heron, Pomelo, Capiz. Which word comes third?",easy,"In alphabetical order: Calendar, Capiz, Heron, Pomelo. The third word is Heron.",Capiz,Calendar,Pomelo,Heron,,D
Clerical Ability,"Arrange alphabetically: Kingfisher, Falcon, Leyte, Laguna. Which word comes last?",easy,"In alphabetical order: Falcon, Kingfisher, Laguna, Leyte. The last word is Leyte.",Leyte,Laguna,Falcon,Kingfisher,,A
Clerical Ability,"Arrange alphabetically: Notice, Durian, Scanner, Oriole. Which word comes last?",easy,"In alphabetical order: Durian, Notice, Oriole, Scanner. The last word is Scanner.",Durian,Notice,Scanner,Oriole,,C
Clerical Ability,"Arrange alphabetically: Notebook, Iloilo, Leyte, Aklan. Which word comes second?",easy,"In alphabetical order: Aklan, Iloilo, Leyte, Notebook. The second word is Iloilo.",Iloilo,Aklan,Notebook,Leyte,,A
Clerical Ability,"Arrange alphabetically: Lychee, Pencil, Invoice, Quezon. Which word comes first?",easy,"In alphabetical order: Invoice, Lychee, Pencil, Quezon. The first word is Invoice.",Lychee,Quezon,Pencil,Invoice,,D
Clerical Ability,"Arrange alphabetically: Calculator, Sparrow, Highlighter, Aklan. Which word comes second?",easy,"In alphabetical order: Aklan, Calculator, Highlighter, Sparrow. The second word is Calculator.",Aklan,Highlighter,Calculator,Sparrow,,C
Clerical Ability,"Arrange alphabetically: Voucher, Folder, Calculator, Guava. Which word comes first?",easy,"In alphabetical order: Calculator, Folder, Guava, Voucher. The first word is Calculator.",Calculator,Folder,Guava,Voucher,,A
Clerical Ability,"Arrange alphabetically: Notice, Zambales, Marker, Manila. Which word comes second?",easy,"In alphabetical order: Manila, Marker, Notice, Zambales. The second word is Marker.",Zambales,Manila,Marker,Notice,,C
Clerical Ability,"Look at this series: K17, L19, M21, N23, ?. What comes next?",medium,"The letter advances by 1 and the number increases by 2 each time, giving O25.",N28,P26,N24,O25,,D
Clerical Ability,"Look at this series: K9, M11, O13, Q15, ?. What comes next?",medium,"The letter advances by 2 and the number increases by 2 each time, giving S17.",S17,R15,R20,S18,,A
Clerical Ability,"Look at this series: K17, L20, M23, N26, ?. What comes next?",medium,"The letter advances by 1 and the number increases by 3 each time, giving O29.",O29,O30,P32,O31,,A
Clerical Ability,"Look at this series: K5, M7, O9, Q11, ?. What comes next?",medium,"The letter advances by 2 and the number increases by 2 each time, giving S13.",S14,T12,R11,S13,,D
Clerical Ability,"Look at this series: U10, V12, W14, X16, ?. What comes next?",medium,"The letter advances by 1 and the number increases by 2 each time, giving Y18.",Y19,X20,Y21,Y18,,D
Clerical Ability,"Look at this series: N13, O14, P15, Q16, ?. What comes next?",medium,"The letter advances by 1 and the number increases by 1 each time, giving R17.",R20,Q16,S15,R17,,D
Clerical Ability,"Look at this series: D5, F6, H7, J8, ?. What comes next?",medium,"The letter advances by 2 and the number increases by 1 each time, giving L9.",M11,K12,L9,K10,,C
Clerical Ability,"Look at this series: F17, H18, J19, L20, ?. What comes next?",medium,"The letter advances by 2 and the number increases by 1 each time, giving N21.",N22,O19,N21,O23,,C
Clerical Ability,"Look at this series: E13, F14, G15, H16, ?. What comes next?",medium,"The letter advances by 1 and the number increases by 1 each time, giving I17.",I19,H20,I17,H16,,C
Clerical Ability,"Look at this series: B10, C12, D14, E16, ?. What comes next?",medium,"The letter advances by 1 and the number increases by 2 each time, giving F18.",E20,F20,E17,F18,,D
Clerical Ability,"Look at this series: D16, F17, H18, J19, ?. What comes next?",medium,"The letter advances by 2 and the number increases by 1 each time, giving L20.",M23,L18,L22,L20,,D
Clerical Ability,"Look at this series: L14, N16, P18, R20, ?. What comes next?",medium,"The letter advances by 2 and the number increases by 2 each time, giving T22.",S25,T20,T25,T22,,D
Clerical Ability,"Look at this series: A16, B17, C18, D19, ?. What comes next?",medium,"The letter advances by 1 and the number increases by 1 each time, giving E20.",D22,E20,F18,D18,,B
Clerical Ability,"Look at this series: Q11, R14, S17, T20, ?. What comes next?",medium,"The letter advances by 1 and the number increases by 3 each time, giving U23.",T22,V21,U23,V26,,C
Clerical Ability,"Look at this series: A1, C4, E7, G10, ?. What comes next?",medium,"The letter advances by 2 and the number increases by 3 each time, giving I13.",H14,I13,H11,J11,,B
Clerical Ability,"Look at this series: N7, O9, P11, Q13, ?. What comes next?",medium,"The letter advances by 1 and the number increases by 2 each time, giving R15.",Q13,R15,R13,S13,,B
Clerical Ability,"Look at this series: R18, S19, T20, U21, ?. What comes next?",medium,"The letter advances by 1 and the number increases by 1 each time, giving V22.",V22,W21,W23,U20,,A
Clerical Ability,"Look at this series: B4, D5, F6, H7, ?. What comes next?",medium,"The letter advances by 2 and the number increases by 1 each time, giving J8.",K11,J8,K9,I11,,B
Clerical Ability,"Look at this series: O18, P19, Q20, R21, ?. What comes next?",medium,"The letter advances by 1 and the number increases by 1 each time, giving S22.",S22,R23,R24,R21,,A
Clerical Ability,"Look at this series: H13, J15, L17, N19, ?. What comes next?",medium,"The letter advances by 2 and the number increases by 2 each time, giving P21.",P24,P22,O23,P21,,D
Clerical Ability,"Look at this series: O15, P16, Q17, R18, ?. What comes next?",medium,"The letter advances by 1 and the number increases by 1 each time, giving S19.",R21,T20,S17,S19,,D
Clerical Ability,"Look at this series: S9, U12, W15, Y18, ?. What comes next?",medium,"The letter advances by 2 and the number increases by 3 each time, giving A21.",Z23,B24,A21,Z20,,C
Clerical Ability,"Look at this series: N5, P6, R7, T8, ?. What comes next?",medium,"The letter advances by 2 and the number increases by 1 each time, giving V9.",V9,U7,W12,U12,,A
Clerical Ability,"Look at this series: R19, T21, V23, X25, ?. What comes next?",medium,"The letter advances by 2 and the number increases by 2 each time, giving Z27.",Z27,Y29,Z25,Z29,,A
Clerical Ability,"Look at this series: C18, D21, E24, F27, ?. What comes next?",medium,"The letter advances by 1 and the number increases by 3 each time, giving G30.",G30,H32,F33,G29,,A
Clerical Ability,"Look at this series: H16, J19, L22, N25, ?. What comes next?",medium,"The letter advances by 2 and the number increases by 3 each time, giving P28.",P27,P28,O29,O30,,B
Clerical Ability,"Look at this series: N11, O12, P13, Q14, ?. What comes next?",medium,"The letter advances by 1 and the number increases by 1 each time, giving R15.",S17,S16,R15,Q18,,C
Clerical Ability,"Look at this series: N14, O16, P18, Q20, ?. What comes next?",medium,"The letter advances by 1 and the number increases by 2 each time, giving R22.",S24,Q21,S20,R22,,D
Clerical Ability,"Look at this series: F2, H5, J8, L11, ?. What comes next?",medium,"The letter advances by 2 and the number increases by 3 each time, giving N14.",M16,O17,N14,N16,,C
Clerical Ability,"Look at this series: A12, B13, C14, D15, ?. What comes next?",medium,"The letter advances by 1 and the number increases by 1 each time, giving E16.",E16,E17,D15,F15,,A
Clerical Ability,"Which of the following codes is EXACTLY the same as this master record: ""715-3D5-87""?",medium,"Only ""715-3D5-87"" matches the master record character for character; the others differ by at least one character.",715-3D5-87,715-SD5-87,7K5-3D5-87,715-3D9-87,,A
Clerical Ability,"Which of the following codes is EXACTLY the same as this master record: ""G37-UZK-47""?",medium,"Only ""G37-UZK-47"" matches the master record character for character; the others differ by at least one character.",Z37-BZK-47,G37-UZC-46,GT7-UZK-47,G37-UZK-47,,D
Clerical Ability,"Which of the following codes is EXACTLY the same as this master record: ""476-KMG-17""?",medium,"Only ""476-KMG-17"" matches the master record character for character; the others differ by at least one character.",G7F-KMG-17,476-KW2-17,V76-KM0-17,476-KMG-17,,D
Clerical Ability,"Which of the following codes is EXACTLY the same as this master record: ""RDD-DTR-31""?",medium,"Only ""RDD-DTR-31"" matches the master record character for character; the others differ by at least one character.",RBD-DTR-31,RDD-DTR-31,RQD-DTR-31,RDD-DTG-31,,B
Clerical Ability,"Which of the following codes is EXACTLY the same as this master record: ""Y3U-T3T-84""?",medium,"Only ""Y3U-T3T-84"" matches the master record character for character; the others differ by at least one character.",Y3U-T3T-D4,Y3U-T3T-84,Y3U-93T-U4,Y3U-T35-83,,B
Clerical Ability,"Which of the following codes is EXACTLY the same as this master record: ""40M-CD4-53""?",medium,"Only ""40M-CD4-53"" matches the master record character for character; the others differ by at least one character.",4EM-CD4-53,40M-CD4-53,D0M-CD4-5G,40M-CD2-53,,B
Clerical Ability,"Which of the following codes is EXACTLY the same as this master record: ""1SP-5E0-45""?",medium,"Only ""1SP-5E0-45"" matches the master record character for character; the others differ by at least one character.",1SP-GE0-45,1SP-5E0-45,1SP-YE0-45,1SP-5R0-4C,,B
Clerical Ability,"Which of the following codes is EXACTLY the same as this master record: ""CQU-0LC-86""?",medium,"Only ""CQU-0LC-86"" matches the master record character for character; the others differ by at least one character.",CQ1-0LC-86,CQU-ELC-N6,CQU-0LC-86,CQU-SLC-86,,C
Clerical Ability,"Which of the following codes is EXACTLY the same as this master record: ""E7A-S4P-52""?",medium,"Only ""E7A-S4P-52"" matches the master record character for character; the others differ by at least one character.",47A-S4P-52,E7A-S4G-H2,E7A-S4P-52,ETA-S4P-52,,C
Clerical Ability,"Which of the following codes is EXACTLY the same as this master record: ""N2W-USG-78""?",medium,"Only ""N2W-USG-78"" matches the master record character for character; the others differ by at least one character.",N2W-USG-78,N1W-USG-78,N2W-UCG-78,N2W-J4G-78,,A
Clerical Ability,"Which of the following codes is EXACTLY the same as this master record: ""FGV-0NG-34""?",medium,"Only ""FGV-0NG-34"" matches the master record character for character; the others differ by at least one character.",FGV-0EG-34,FGV-0NG-34,F7V-0NG-3N,FGV-0NG-3Q,,B
Clerical Ability,"Which of the following codes is EXACTLY the same as this master record: ""61T-RTM-56""?",medium,"Only ""61T-RTM-56"" matches the master record character for character; the others differ by at least one character.",61T-RTM-56,61T-RVM-66,615-RTM-H6,81T-RTM-53,,A
Clerical Ability,"Which of the following codes is EXACTLY the same as this master record: ""BAC-L0L-92""?",medium,"Only ""BAC-L0L-92"" matches the master record character for character; the others differ by at least one character.",BAC-L0F-92,BAC-X0L-92,BAC-L0L-92,BAC-L0L-02,,C
Clerical Ability,"Which of the following codes is EXACTLY the same as this master record: ""DUJ-XK6-19""?",medium,"Only ""DUJ-XK6-19"" matches the master record character for character; the others differ by at least one character.",DUJ-XKA-19,DUJ-XK6-19,KUJ-X26-19,DXJ-XK6-19,,B
Clerical Ability,"Which of the following codes is EXACTLY the same as this master record: ""9J2-PLD-28""?",medium,"Only ""9J2-PLD-28"" matches the master record character for character; the others differ by at least one character.",9J2-DLD-28,9B2-6LD-28,9J2-PLD-28,9J2-0LD-28,,C
Clerical Ability,"Which of the following codes is EXACTLY the same as this master record: ""A65-N6G-29""?",medium,"Only ""A65-N6G-29"" matches the master record character for character; the others differ by at least one character.",A65-H6G-29,L65-Z6G-29,A65-Y6G-29,A65-N6G-29,,D
Clerical Ability,"Which of the following codes is EXACTLY the same as this master record: ""D21-BVH-27""?",medium,"Only ""D21-BVH-27"" matches the master record character for character; the others differ by at least one character.",D21-BVH-27,D25-BYH-27,D21-GVH-27,D21-BVH-2Q,,A
Clerical Ability,"Which of the following codes is EXACTLY the same as this master record: ""YGX-FPY-87""?",medium,"Only ""YGX-FPY-87"" matches the master record character for character; the others differ by at least one character.",YGX-FPY-87,7GX-FPY-87,YGX-JP0-87,YGX-FP1-87,,A
Clerical Ability,"Which of the following codes is EXACTLY the same as this master record: ""3Z1-RPB-15""?",medium,"Only ""3Z1-RPB-15"" matches the master record character for character; the others differ by at least one character.",3Z1-RPB-15,3Z1-RP9-15,3Z1-RLB-15,3Z1-YPB-15,,A
Clerical Ability,"Which of the following codes is EXACTLY the same as this master record: ""ERJ-ZQJ-29""?",medium,"Only ""ERJ-ZQJ-29"" matches the master record character for character; the others differ by at least one character.",ERJ-CZJ-29,ERL-ZQJ-29,ERJ-UQJ-29,ERJ-ZQJ-29,,D
Clerical Ability,"Which of the following codes is EXACTLY the same as this master record: ""PDP-ADB-84""?",medium,"Only ""PDP-ADB-84"" matches the master record character for character; the others differ by at least one character.",MDP-ADB-8D,PDA-ADB-N4,7DP-ADJ-84,PDP-ADB-84,,D
Clerical Ability,"Which of the following codes is EXACTLY the same as this master record: ""AD8-B15-53""?",medium,"Only ""AD8-B15-53"" matches the master record character for character; the others differ by at least one character.",AD8-BC5-S3,AD8-B1H-53,AD4-B15-53,AD8-B15-53,,D
Clerical Ability,"Which of the following codes is EXACTLY the same as this master record: ""D5V-QYQ-10""?",medium,"Only ""D5V-QYQ-10"" matches the master record character for character; the others differ by at least one character.",D5V-QYQ-B0,D5V-QYQ-10,L5V-QYQ-10,R5V-QYQ-10,,B
Clerical Ability,"Which of the following codes is EXACTLY the same as this master record: ""E56-UZ2-82""?",medium,"Only ""E56-UZ2-82"" matches the master record character for character; the others differ by at least one character.",E56-TZE-82,E56-UZB-C2,E56-UZ2-82,E5H-UZ2-82,,C
Clerical Ability,"Which of the following codes is EXACTLY the same as this master record: ""R7H-QTT-76""?",medium,"Only ""R7H-QTT-76"" matches the master record character for character; the others differ by at least one character.",R7H-QTT-76,R7H-QTT-71,R7V-QTT-76,R7H-QTT-79,,A
Clerical Ability,"Which of the following codes is EXACTLY the same as this master record: ""9HV-547-96""?",medium,"Only ""9HV-547-96"" matches the master record character for character; the others differ by at least one character.",9HV-547-K6,9HV-5J7-96,9HV-547-96,9HV-54W-M6,,C
Clerical Ability,"Which of the following codes is EXACTLY the same as this master record: ""TN5-7DV-70""?",medium,"Only ""TN5-7DV-70"" matches the master record character for character; the others differ by at least one character.",CN5-7DV-70,TN5-10V-70,TNP-7DV-70,TN5-7DV-70,,D
Clerical Ability,"Which of the following codes is EXACTLY the same as this master record: ""4ER-9W4-16""?",medium,"Only ""4ER-9W4-16"" matches the master record character for character; the others differ by at least one character.",GER-9W4-1M,4ES-RW4-16,4SL-9W4-16,4ER-9W4-16,,D
Clerical Ability,"Which of the following codes is EXACTLY the same as this master record: ""9LV-6VS-40""?",medium,"Only ""9LV-6VS-40"" matches the master record character for character; the others differ by at least one character.",9LV-6VS-N6,9L8-6VS-40,9LA-6VS-40,9LV-6VS-40,,D
Clerical Ability,"Which of the following codes is EXACTLY the same as this master record: ""K3G-P3K-89""?",medium,"Only ""K3G-P3K-89"" matches the master record character for character; the others differ by at least one character.",K3G-93K-89,KYG-P3K-8N,KYG-P3K-89,K3G-P3K-89,,D
Clerical Ability,"Which of the following codes is EXACTLY the same as this master record: ""XVS-ZAL-15""?",medium,"Only ""XVS-ZAL-15"" matches the master record character for character; the others differ by at least one character.",XVS-ZAZ-F5,KVS-ZAL-15,AVS-ZAL-15,XVS-ZAL-15,,D
Clerical Ability,"Which of the following codes is EXACTLY the same as this master record: ""FKQ-2XZ-55""?",medium,"Only ""FKQ-2XZ-55"" matches the master record character for character; the others differ by at least one character.",FKQ-2XB-55,FKQ-2XZ-55,FKB-2XZ-5N,FK0-2XZ-M5,,B
Clerical Ability,"Which of the following codes is EXACTLY the same as this master record: ""QF6-JGT-92""?",medium,"Only ""QF6-JGT-92"" matches the master record character for character; the others differ by at least one character.",QF6-JGT-92,QF6-AG0-92,QF6-JDT-9Q,QF0-JG6-92,,A
Clerical Ability,"Which of the following codes is EXACTLY the same as this master record: ""0VU-WU8-13""?",medium,"Only ""0VU-WU8-13"" matches the master record character for character; the others differ by at least one character.",A3U-WU8-13,0VU-WUL-13,0VU-WU8-1K,0VU-WU8-13,,D
Clerical Ability,"Which of the following codes is EXACTLY the same as this master record: ""NCH-NRT-71""?",medium,"Only ""NCH-NRT-71"" matches the master record character for character; the others differ by at least one character.",3CH-NRT-7C,NCH-NRT-71,NCH-NRT-7W,NCH-TRT-71,,B
Clerical Ability,"Which of the following codes is EXACTLY the same as this master record: ""H3B-QKV-62""?",medium,"Only ""H3B-QKV-62"" matches the master record character for character; the others differ by at least one character.",H3B-8KV-62,H3B-QKV-62,H3B-YKM-62,HCB-QKM-62,,B
Clerical Ability,"Which of the following codes is EXACTLY the same as this master record: ""1VP-0YB-55""?",medium,"Only ""1VP-0YB-55"" matches the master record character for character; the others differ by at least one character.",1WP-0YB-55,1VP-0YB-55,BVP-0YB-55,9VP-0BB-55,,B
Clerical Ability,"Which of the following codes is EXACTLY the same as this master record: ""UT9-CK1-97""?",medium,"Only ""UT9-CK1-97"" matches the master record character for character; the others differ by at least one character.",UT9-CK1-97,VT4-CK1-97,UT9-CP1-97,UD9-CK1-97,,A
Clerical Ability,"Which of the following codes is EXACTLY the same as this master record: ""5T1-GZG-78""?",medium,"Only ""5T1-GZG-78"" matches the master record character for character; the others differ by at least one character.",5T1-GZG-78,5T1-GZG-L8,5T9-GZT-78,5T1-GZG-A8,,A
Clerical Ability,"Which of the following codes is EXACTLY the same as this master record: ""JS4-B24-21""?",medium,"Only ""JS4-B24-21"" matches the master record character for character; the others differ by at least one character.",JS4-B24-2V,JS4-B20-D1,JS4-M24-61,JS4-B24-21,,D
Clerical Ability,"Which of the following does NOT belong in the same file or category as the others: Bookshelf, Telephone, Filing Cabinet, Drawer?",easy,Telephone does not belong because the first three are storage furniture; a telephone is a communication device.,Filing Cabinet,Drawer,Telephone,Bookshelf,,C
Clerical Ability,"Which of the following does NOT belong in the same file or category as the others: Envelope, Credit, Debit, Balance?",easy,Envelope does not belong because the first three are accounting terms; an envelope is a physical item.,Debit,Balance,Envelope,Credit,,C
Clerical Ability,"Which of the following does NOT belong in the same file or category as the others: Friday, December, Wednesday, Monday?",easy,December does not belong because the first three are weekdays; December is a month.,Monday,Wednesday,December,Friday,,C
Clerical Ability,"Which of the following does NOT belong in the same file or category as the others: Envelope, Credit, Balance, Debit?",easy,Envelope does not belong because the first three are accounting terms; an envelope is a physical item.,Credit,Envelope,Balance,Debit,,B
Clerical Ability,"Which of the following does NOT belong in the same file or category as the others: Chairman, Treasurer, Applicant, Secretary?",easy,Applicant does not belong because the first three are officer positions in an organization; an applicant is not an officer.,Applicant,Treasurer,Chairman,Secretary,,A
Clerical Ability,"Which of the following does NOT belong in the same file or category as the others: Stapler, Diploma, Form 137, Form 138?",easy,Stapler does not belong because the first three are school records/documents; a stapler is a tool.,Stapler,Form 137,Diploma,Form 138,,A
Clerical Ability,"Which of the following does NOT belong in the same file or category as the others: December, Friday, Monday, Wednesday?",easy,December does not belong because the first three are weekdays; December is a month.,Friday,Monday,Wednesday,December,,D
Clerical Ability,"Which of the following does NOT belong in the same file or category as the others: Form 137, Form 138, Diploma, Stapler?",easy,Stapler does not belong because the first three are school records/documents; a stapler is a tool.,Form 138,Form 137,Diploma,Stapler,,D
Clerical Ability,"Which of the following does NOT belong in the same file or category as the others: Signature, Inbox, Outbox, Draft?",easy,Signature does not belong because the first three are email folders; a signature is not a folder.,Draft,Outbox,Signature,Inbox,,C
Clerical Ability,"Which of the following does NOT belong in the same file or category as the others: Stapler, Invoice, Memo, Receipt?",easy,Stapler does not belong because the first three are paper documents; a stapler is an office tool.,Memo,Stapler,Receipt,Invoice,,B
Clerical Ability,"Which of the following does NOT belong in the same file or category as the others: Secretary, Treasurer, Chairman, Applicant?",easy,Applicant does not belong because the first three are officer positions in an organization; an applicant is not an officer.,Treasurer,Applicant,Secretary,Chairman,,B
Clerical Ability,"Which of the following does NOT belong in the same file or category as the others: Chairman, Applicant, Secretary, Treasurer?",easy,Applicant does not belong because the first three are officer positions in an organization; an applicant is not an officer.,Chairman,Secretary,Treasurer,Applicant,,D
Clerical Ability,"Which of the following does NOT belong in the same file or category as the others: Applicant, Chairman, Secretary, Treasurer?",easy,Applicant does not belong because the first three are officer positions in an organization; an applicant is not an officer.,Secretary,Treasurer,Chairman,Applicant,,D
Clerical Ability,"Which of the following does NOT belong in the same file or category as the others: Receiver, Sender, Package, Courier?",easy,Package does not belong because the first three refer to people involved in delivery; a package is the item being delivered.,Sender,Courier,Receiver,Package,,D
Clerical Ability,"Which of the following does NOT belong in the same file or category as the others: Bookshelf, Drawer, Filing Cabinet, Telephone?",easy,Telephone does not belong because the first three are storage furniture; a telephone is a communication device.,Bookshelf,Telephone,Drawer,Filing Cabinet,,B
Clerical Ability,"Which of the following does NOT belong in the same file or category as the others: Draft, Signature, Outbox, Inbox?",easy,Signature does not belong because the first three are email folders; a signature is not a folder.,Signature,Draft,Inbox,Outbox,,A
Clerical Ability,"Which of the following does NOT belong in the same file or category as the others: Chairman, Treasurer, Secretary, Applicant?",easy,Applicant does not belong because the first three are officer positions in an organization; an applicant is not an officer.,Chairman,Applicant,Treasurer,Secretary,,B
Clerical Ability,"Which of the following does NOT belong in the same file or category as the others: Balance, Debit, Envelope, Credit?",easy,Envelope does not belong because the first three are accounting terms; an envelope is a physical item.,Credit,Balance,Debit,Envelope,,D
Clerical Ability,"Which of the following does NOT belong in the same file or category as the others: Outbox, Signature, Inbox, Draft?",easy,Signature does not belong because the first three are email folders; a signature is not a folder.,Signature,Inbox,Outbox,Draft,,A
Clerical Ability,"Which of the following does NOT belong in the same file or category as the others: Inbox, Draft, Outbox, Signature?",easy,Signature does not belong because the first three are email folders; a signature is not a folder.,Draft,Inbox,Signature,Outbox,,C
Clerical Ability,"How many times does the letter 'F' appear in the following text: ""REGISTRATION FORM FOR COMMUNITY TRAINING""?",easy,Counting each occurrence of 'F' in the text gives 2.,2,4,1,3,,A
Clerical Ability,"How many times does the letter 'N' appear in the following text: ""BARANGAY HEALTH CARD APPLICATION FORM""?",easy,Counting each occurrence of 'N' in the text gives 2.,4,5,2,3,,C
Clerical Ability,"How many times does the letter 'I' appear in the following text: ""MINUTES OF THE BUDGET COMMITTEE MEETING""?",easy,Counting each occurrence of 'I' in the text gives 3.,4,5,3,2,,C
Clerical Ability,"How many times does the letter 'W' appear in the following text: ""REQUEST FOR BUSINESS PERMIT RENEWAL""?",easy,Counting each occurrence of 'W' in the text gives 1.,2,4,3,1,,D
Clerical Ability,"How many times does the letter 'C' appear in the following text: ""SCHEDULE OF DELIVERIES FOR RELIEF GOODS""?",easy,Counting each occurrence of 'C' in the text gives 1.,1,4,3,2,,A
Clerical Ability,"How many times does the letter 'R' appear in the following text: ""SCHEDULE OF DELIVERIES FOR RELIEF GOODS""?",easy,Counting each occurrence of 'R' in the text gives 3.,5,6,4,3,,D
Clerical Ability,"How many times does the letter 'V' appear in the following text: ""INVENTORY REPORT OF OFFICE SUPPLIES""?",easy,Counting each occurrence of 'V' in the text gives 1.,1,3,2,4,,A
Clerical Ability,"How many times does the letter 'O' appear in the following text: ""MINUTES OF THE BUDGET COMMITTEE MEETING""?",easy,Counting each occurrence of 'O' in the text gives 2.,3,4,1,2,,D
Clerical Ability,"How many times does the letter 'Y' appear in the following text: ""MEMORANDUM ON OFFICE ATTENDANCE POLICY""?",easy,Counting each occurrence of 'Y' in the text gives 1.,2,4,3,1,,D
Clerical Ability,"How many times does the letter 'U' appear in the following text: ""NOTICE OF PUBLIC HEARING AND ORDINANCE""?",easy,Counting each occurrence of 'U' in the text gives 1.,4,1,2,3,,B
Clerical Ability,"How many times does the letter 'P' appear in the following text: ""MEMORANDUM ON OFFICE ATTENDANCE POLICY""?",easy,Counting each occurrence of 'P' in the text gives 1.,4,3,2,1,,D
Clerical Ability,"How many times does the letter 'U' appear in the following text: ""MEMORANDUM ON OFFICE ATTENDANCE POLICY""?",easy,Counting each occurrence of 'U' in the text gives 1.,2,4,1,3,,C
Clerical Ability,"How many times does the letter 'P' appear in the following text: ""NOTICE OF PUBLIC HEARING AND ORDINANCE""?",easy,Counting each occurrence of 'P' in the text gives 1.,1,3,4,2,,A
Clerical Ability,"How many times does the letter 'P' appear in the following text: ""BARANGAY HEALTH CARD APPLICATION FORM""?",easy,Counting each occurrence of 'P' in the text gives 2.,2,3,4,1,,A
Clerical Ability,"How many times does the letter 'M' appear in the following text: ""REQUEST FOR BUSINESS PERMIT RENEWAL""?",easy,Counting each occurrence of 'M' in the text gives 1.,1,3,2,4,,A
Clerical Ability,"How many times does the letter 'H' appear in the following text: ""SCHEDULE OF DELIVERIES FOR RELIEF GOODS""?",easy,Counting each occurrence of 'H' in the text gives 1.,2,4,1,3,,C
Clerical Ability,"How many times does the letter 'P' appear in the following text: ""REQUEST FOR BUSINESS PERMIT RENEWAL""?",easy,Counting each occurrence of 'P' in the text gives 1.,4,1,2,3,,B
Clerical Ability,"How many times does the letter 'O' appear in the following text: ""SCHEDULE OF DELIVERIES FOR RELIEF GOODS""?",easy,Counting each occurrence of 'O' in the text gives 4.,5,4,2,7,,B
Clerical Ability,"How many times does the letter 'O' appear in the following text: ""MEMORANDUM ON OFFICE ATTENDANCE POLICY""?",easy,Counting each occurrence of 'O' in the text gives 4.,4,2,3,6,,A
Clerical Ability,"How many times does the letter 'U' appear in the following text: ""OFFICE OF THE MUNICIPAL TREASURER RECEIPT""?",easy,Counting each occurrence of 'U' in the text gives 2.,4,1,2,3,,C
Clerical Ability,"How many times does the letter 'C' appear in the following text: ""OFFICE OF THE MUNICIPAL TREASURER RECEIPT""?",easy,Counting each occurrence of 'C' in the text gives 3.,6,2,4,3,,D
Clerical Ability,"How many times does the letter 'N' appear in the following text: ""REQUEST FOR BUSINESS PERMIT RENEWAL""?",easy,Counting each occurrence of 'N' in the text gives 2.,5,1,4,2,,D
Clerical Ability,"How many times does the letter 'V' appear in the following text: ""SCHEDULE OF DELIVERIES FOR RELIEF GOODS""?",easy,Counting each occurrence of 'V' in the text gives 1.,3,1,2,4,,B
Clerical Ability,"How many times does the letter 'H' appear in the following text: ""NOTICE OF PUBLIC HEARING AND ORDINANCE""?",easy,Counting each occurrence of 'H' in the text gives 1.,2,4,1,3,,C
Clerical Ability,"How many times does the letter 'M' appear in the following text: ""BARANGAY HEALTH CARD APPLICATION FORM""?",easy,Counting each occurrence of 'M' in the text gives 1.,3,4,2,1,,D
Clerical Ability,"How many times does the letter 'S' appear in the following text: ""SCHEDULE OF DELIVERIES FOR RELIEF GOODS""?",easy,Counting each occurrence of 'S' in the text gives 3.,6,5,4,3,,D
Clerical Ability,"How many times does the letter 'L' appear in the following text: ""MEMORANDUM ON OFFICE ATTENDANCE POLICY""?",easy,Counting each occurrence of 'L' in the text gives 1.,1,3,4,2,,A
Clerical Ability,"How many times does the letter 'M' appear in the following text: ""REGISTRATION FORM FOR COMMUNITY TRAINING""?",easy,Counting each occurrence of 'M' in the text gives 3.,5,2,3,6,,C
Clerical Ability,"How many times does the letter 'Y' appear in the following text: ""REGISTRATION FORM FOR COMMUNITY TRAINING""?",easy,Counting each occurrence of 'Y' in the text gives 1.,4,3,2,1,,D
Clerical Ability,"How many times does the letter 'M' appear in the following text: ""MEMORANDUM ON OFFICE ATTENDANCE POLICY""?",easy,Counting each occurrence of 'M' in the text gives 3.,3,2,5,1,,A
Clerical Ability,"Arrange the following dates in chronological order: August 9, 2021, July 11, 2021, July 6, 2019, December 9, 2022. Which date is the second earliest?",easy,"Sorted from earliest to latest: July 6, 2019, July 11, 2021, August 9, 2021, December 9, 2022. The second earliest date is July 11, 2021.","December 9, 2022","July 6, 2019","August 9, 2021","July 11, 2021",,D
Clerical Ability,"Arrange the following dates in chronological order: March 11, 2021, February 25, 2024, July 8, 2019, August 9, 2024. Which date is the most recent?",easy,"Sorted from earliest to latest: July 8, 2019, March 11, 2021, February 25, 2024, August 9, 2024. The most recent date is August 9, 2024.","July 8, 2019","August 9, 2024","March 11, 2021","February 25, 2024",,B
Clerical Ability,"Arrange the following dates in chronological order: November 14, 2020, September 13, 2020, January 6, 2023, June 8, 2024. Which date is the most recent?",easy,"Sorted from earliest to latest: September 13, 2020, November 14, 2020, January 6, 2023, June 8, 2024. The most recent date is June 8, 2024.","January 6, 2023","June 8, 2024","November 14, 2020","September 13, 2020",,B
Clerical Ability,"Arrange the following dates in chronological order: August 1, 2020, February 8, 2024, May 24, 2021, August 13, 2022. Which date is the earliest?",easy,"Sorted from earliest to latest: August 1, 2020, May 24, 2021, August 13, 2022, February 8, 2024. The earliest date is August 1, 2020.","August 13, 2022","May 24, 2021","February 8, 2024","August 1, 2020",,D
Clerical Ability,"Arrange the following dates in chronological order: April 28, 2022, October 2, 2024, July 13, 2020, November 12, 2024. Which date is the earliest?",easy,"Sorted from earliest to latest: July 13, 2020, April 28, 2022, October 2, 2024, November 12, 2024. The earliest date is July 13, 2020.","November 12, 2024","October 2, 2024","July 13, 2020","April 28, 2022",,C
Clerical Ability,"Arrange the following dates in chronological order: October 6, 2018, December 5, 2020, May 7, 2023, July 3, 2018. Which date is the earliest?",easy,"Sorted from earliest to latest: July 3, 2018, October 6, 2018, December 5, 2020, May 7, 2023. The earliest date is July 3, 2018.","May 7, 2023","December 5, 2020","July 3, 2018","October 6, 2018",,C
Clerical Ability,"Arrange the following dates in chronological order: October 11, 2024, November 14, 2023, October 22, 2024, September 1, 2018. Which date is the most recent?",easy,"Sorted from earliest to latest: September 1, 2018, November 14, 2023, October 11, 2024, October 22, 2024. The most recent date is October 22, 2024.","October 22, 2024","November 14, 2023","October 11, 2024","September 1, 2018",,A
Clerical Ability,"Arrange the following dates in chronological order: September 20, 2023, December 22, 2023, February 11, 2019, December 7, 2022. Which date is the most recent?",easy,"Sorted from earliest to latest: February 11, 2019, December 7, 2022, September 20, 2023, December 22, 2023. The most recent date is December 22, 2023.","September 20, 2023","February 11, 2019","December 22, 2023","December 7, 2022",,C
Clerical Ability,"Arrange the following dates in chronological order: November 28, 2022, May 10, 2023, February 27, 2022, June 12, 2024. Which date is the earliest?",easy,"Sorted from earliest to latest: February 27, 2022, November 28, 2022, May 10, 2023, June 12, 2024. The earliest date is February 27, 2022.","November 28, 2022","May 10, 2023","June 12, 2024","February 27, 2022",,D
Clerical Ability,"Arrange the following dates in chronological order: July 27, 2021, January 23, 2022, December 21, 2024, December 12, 2019. Which date is the second earliest?",easy,"Sorted from earliest to latest: December 12, 2019, July 27, 2021, January 23, 2022, December 21, 2024. The second earliest date is July 27, 2021.","January 23, 2022","December 21, 2024","July 27, 2021","December 12, 2019",,C
Clerical Ability,"Arrange the following dates in chronological order: November 26, 2020, September 20, 2018, August 19, 2018, January 3, 2019. Which date is the second earliest?",easy,"Sorted from earliest to latest: August 19, 2018, September 20, 2018, January 3, 2019, November 26, 2020. The second earliest date is September 20, 2018.","January 3, 2019","September 20, 2018","November 26, 2020","August 19, 2018",,B
Clerical Ability,"Arrange the following dates in chronological order: July 28, 2019, March 21, 2020, July 21, 2020, February 6, 2020. Which date is the most recent?",easy,"Sorted from earliest to latest: July 28, 2019, February 6, 2020, March 21, 2020, July 21, 2020. The most recent date is July 21, 2020.","July 21, 2020","March 21, 2020","July 28, 2019","February 6, 2020",,A
Clerical Ability,"Arrange the following dates in chronological order: June 19, 2020, June 14, 2019, May 27, 2019, July 12, 2022. Which date is the most recent?",easy,"Sorted from earliest to latest: May 27, 2019, June 14, 2019, June 19, 2020, July 12, 2022. The most recent date is July 12, 2022.","June 19, 2020","July 12, 2022","May 27, 2019","June 14, 2019",,B
Clerical Ability,"Arrange the following dates in chronological order: May 21, 2021, November 13, 2022, November 19, 2018, September 11, 2023. Which date is the earliest?",easy,"Sorted from earliest to latest: November 19, 2018, May 21, 2021, November 13, 2022, September 11, 2023. The earliest date is November 19, 2018.","November 13, 2022","September 11, 2023","November 19, 2018","May 21, 2021",,C
Clerical Ability,"Arrange the following dates in chronological order: May 14, 2020, July 19, 2022, January 24, 2021, July 26, 2023. Which date is the second earliest?",easy,"Sorted from earliest to latest: May 14, 2020, January 24, 2021, July 19, 2022, July 26, 2023. The second earliest date is January 24, 2021.","January 24, 2021","July 26, 2023","July 19, 2022","May 14, 2020",,A
Clerical Ability,"Arrange the following dates in chronological order: November 27, 2023, February 22, 2018, December 20, 2022, October 3, 2022. Which date is the second earliest?",easy,"Sorted from earliest to latest: February 22, 2018, October 3, 2022, December 20, 2022, November 27, 2023. The second earliest date is October 3, 2022.","October 3, 2022","December 20, 2022","February 22, 2018","November 27, 2023",,A
Clerical Ability,"Arrange the following dates in chronological order: May 25, 2018, July 14, 2024, December 22, 2021, March 10, 2023. Which date is the earliest?",easy,"Sorted from earliest to latest: May 25, 2018, December 22, 2021, March 10, 2023, July 14, 2024. The earliest date is May 25, 2018.","December 22, 2021","May 25, 2018","March 10, 2023","July 14, 2024",,B
Clerical Ability,"Arrange the following dates in chronological order: October 12, 2023, December 7, 2019, October 26, 2019, April 6, 2019. Which date is the earliest?",easy,"Sorted from earliest to latest: April 6, 2019, October 26, 2019, December 7, 2019, October 12, 2023. The earliest date is April 6, 2019.","December 7, 2019","October 26, 2019","April 6, 2019","October 12, 2023",,C
Clerical Ability,"Arrange the following dates in chronological order: June 1, 2019, April 20, 2019, May 12, 2022, October 9, 2021. Which date is the most recent?",easy,"Sorted from earliest to latest: April 20, 2019, June 1, 2019, October 9, 2021, May 12, 2022. The most recent date is May 12, 2022.","June 1, 2019","April 20, 2019","May 12, 2022","October 9, 2021",,C
Clerical Ability,"Arrange the following dates in chronological order: April 24, 2023, January 8, 2021, September 9, 2018, February 21, 2023. Which date is the earliest?",easy,"Sorted from earliest to latest: September 9, 2018, January 8, 2021, February 21, 2023, April 24, 2023. The earliest date is September 9, 2018.","February 21, 2023","January 8, 2021","April 24, 2023","September 9, 2018",,D
Clerical Ability,"Arrange the following dates in chronological order: November 1, 2023, July 16, 2020, December 16, 2022, April 8, 2024. Which date is the most recent?",easy,"Sorted from earliest to latest: July 16, 2020, December 16, 2022, November 1, 2023, April 8, 2024. The most recent date is April 8, 2024.","July 16, 2020","December 16, 2022","November 1, 2023","April 8, 2024",,D
Clerical Ability,"Arrange the following dates in chronological order: July 2, 2019, April 12, 2023, February 26, 2024, June 26, 2023. Which date is the most recent?",easy,"Sorted from earliest to latest: July 2, 2019, April 12, 2023, June 26, 2023, February 26, 2024. The most recent date is February 26, 2024.","July 2, 2019","June 26, 2023","February 26, 2024","April 12, 2023",,C
Clerical Ability,"Arrange the following dates in chronological order: May 13, 2021, March 11, 2020, August 26, 2021, June 1, 2023. Which date is the second earliest?",easy,"Sorted from earliest to latest: March 11, 2020, May 13, 2021, August 26, 2021, June 1, 2023. The second earliest date is May 13, 2021.","May 13, 2021","June 1, 2023","March 11, 2020","August 26, 2021",,A
Clerical Ability,"Arrange the following dates in chronological order: January 10, 2019, March 26, 2022, December 9, 2018, August 8, 2020. Which date is the second earliest?",easy,"Sorted from earliest to latest: December 9, 2018, January 10, 2019, August 8, 2020, March 26, 2022. The second earliest date is January 10, 2019.","January 10, 2019","March 26, 2022","December 9, 2018","August 8, 2020",,A
Clerical Ability,"Arrange the following dates in chronological order: May 5, 2024, February 23, 2023, April 8, 2022, November 14, 2021. Which date is the second earliest?",easy,"Sorted from earliest to latest: November 14, 2021, April 8, 2022, February 23, 2023, May 5, 2024. The second earliest date is April 8, 2022.","November 14, 2021","February 23, 2023","April 8, 2022","May 5, 2024",,C
Clerical Ability,"Arrange the following dates in chronological order: December 6, 2023, July 24, 2024, April 27, 2023, October 4, 2024. Which date is the second earliest?",easy,"Sorted from earliest to latest: April 27, 2023, December 6, 2023, July 24, 2024, October 4, 2024. The second earliest date is December 6, 2023.","April 27, 2023","October 4, 2024","December 6, 2023","July 24, 2024",,C
Clerical Ability,"Arrange the following dates in chronological order: October 13, 2019, February 15, 2019, October 24, 2022, July 28, 2024. Which date is the second earliest?",easy,"Sorted from earliest to latest: February 15, 2019, October 13, 2019, October 24, 2022, July 28, 2024. The second earliest date is October 13, 2019.","July 28, 2024","February 15, 2019","October 24, 2022","October 13, 2019",,D
Clerical Ability,"Arrange the following dates in chronological order: October 10, 2022, December 22, 2018, March 25, 2018, December 21, 2020. Which date is the second earliest?",easy,"Sorted from earliest to latest: March 25, 2018, December 22, 2018, December 21, 2020, October 10, 2022. The second earliest date is December 22, 2018.","October 10, 2022","December 22, 2018","March 25, 2018","December 21, 2020",,B
Clerical Ability,"Arrange the following dates in chronological order: February 4, 2022, June 26, 2021, May 6, 2022, July 18, 2024. Which date is the second earliest?",easy,"Sorted from earliest to latest: June 26, 2021, February 4, 2022, May 6, 2022, July 18, 2024. The second earliest date is February 4, 2022.","June 26, 2021","July 18, 2024","February 4, 2022","May 6, 2022",,C
Clerical Ability,"Arrange the following dates in chronological order: May 10, 2020, June 23, 2023, April 5, 2018, April 24, 2024. Which date is the second earliest?",easy,"Sorted from earliest to latest: April 5, 2018, May 10, 2020, June 23, 2023, April 24, 2024. The second earliest date is May 10, 2020.","April 24, 2024","April 5, 2018","June 23, 2023","May 10, 2020",,D
General Information & the 1987 Constitution,"Under Article III, Section 17, what right protects an accused from self-incrimination?",medium,"Per the 1987 Philippine Constitution / standard civics reference, the correct answer is: The right against self-incrimination.",The right to bail,The right to counsel,The right to due process,The right against self-incrimination,,D
General Information & the 1987 Constitution,Which article of the 1987 Constitution contains the Transitory Provisions?,easy,"Per the 1987 Philippine Constitution / standard civics reference, the correct answer is: Article XVIII.",Article XII,Article XIV,Article XVI,Article XVIII,,D
General Information & the 1987 Constitution,"What does Article III, Section 10 say about laws impairing the obligation of contracts?",medium,"Per the 1987 Philippine Constitution / standard civics reference, the correct answer is: No law impairing the obligation of contracts shall be passed.",Such laws are allowed only during a state of emergency,There is no rule on this in the Constitution,Such laws are allowed if approved by Congress,No law impairing the obligation of contracts shall be passed,,D
General Information & the 1987 Constitution,The 1987 Constitution took the place of which earlier constitution?,medium,"Per the 1987 Philippine Constitution / standard civics reference, the correct answer is: The 1973 Constitution.",The 1935 Constitution,The Malolos Constitution,The 1973 Constitution,The 1898 Constitution,,C
General Information & the 1987 Constitution,What type of legislature does the Philippines have?,medium,"Per the 1987 Philippine Constitution / standard civics reference, the correct answer is: Bicameral, composed of the Senate and the House of Representatives.","Unicameral, a single National Assembly","Bicameral, composed of the Senate and the House of Representatives",Tricameral,"Bicameral, composed of the House and the Judiciary",,B
General Information & the 1987 Constitution,"Under Article X, what are the units of local government in the Philippines?",medium,"Per the 1987 Philippine Constitution / standard civics reference, the correct answer is: Provinces, cities, municipalities, and barangays.","Districts, wards, and sitios","Provinces, cities, municipalities, and barangays","Regions, provinces, and towns",Provinces and barangays only,,B
General Information & the 1987 Constitution,"What form of state does Article II, Section 1 declare the Philippines to be?",medium,"Per the 1987 Philippine Constitution / standard civics reference, the correct answer is: A democratic and republican State.",A monarchical State,A democratic and republican State,A federal State,A parliamentary State,,B
General Information & the 1987 Constitution,Under what colonial arrangement was the 1935 Philippine Constitution drafted?,medium,"Per the 1987 Philippine Constitution / standard civics reference, the correct answer is: The transition to Commonwealth status and eventual independence from the United States.",Federalism under British rule,Full independence from Spain,The transition to Commonwealth status and eventual independence from the United States,Annexation by Japan,,C
General Information & the 1987 Constitution,"Under Article III, Section 7, what right allows citizens to access public records and government transactions?",medium,"Per the 1987 Philippine Constitution / standard civics reference, the correct answer is: The right to information on matters of public concern.",The right to information on matters of public concern,The right to due process,The right to a speedy trial,The right to counsel,,A
General Information & the 1987 Constitution,The Philippine Declaration of Independence took place on what date?,easy,"Per the 1987 Philippine Constitution / standard civics reference, the correct answer is: June 12, 1898.","May 1, 1898","July 4, 1946","June 12, 1898","December 30, 1896",,C
General Information & the 1987 Constitution,"Under Article III, Section 9, private property may be taken for public use only upon payment of what?",medium,"Per the 1987 Philippine Constitution / standard civics reference, the correct answer is: Just compensation (power of eminent domain).",Fair market interest,A government subsidy,"Free transfer, without payment",Just compensation (power of eminent domain),,D
General Information & the 1987 Constitution,"Marriage, as the foundation of the family, is described as an inviolable social institution in which article?",easy,"Per the 1987 Philippine Constitution / standard civics reference, the correct answer is: Article XV.",Article II,Article XIII,Article III,Article XV,,D
General Information & the 1987 Constitution,What is the minimum age requirement to become a Philippine Senator?,medium,"Per the 1987 Philippine Constitution / standard civics reference, the correct answer is: At least 35 years old.",At least 30 years old,At least 40 years old,At least 35 years old,At least 25 years old,,C
General Information & the 1987 Constitution,What is the minimum voting age under the 1987 Constitution?,easy,"Per the 1987 Philippine Constitution / standard civics reference, the correct answer is: 18 years old.",18 years old,16 years old,21 years old,15 years old,,A
General Information & the 1987 Constitution,"Under Article XIV, Section 2, what level of education is the State required to provide free of charge?",medium,"Per the 1987 Philippine Constitution / standard civics reference, the correct answer is: Free public education at the elementary and secondary levels.","Free education at all levels, including college",Free education only at the elementary level,There is no requirement for free public education,Free public education at the elementary and secondary levels,,D
General Information & the 1987 Constitution,The Philippine government is divided into how many main branches?,medium,"Per the 1987 Philippine Constitution / standard civics reference, the correct answer is: Three (Executive, Legislative, and Judicial).",Five (including the Military),"Three (Executive, Legislative, and Judicial)",Two (Executive and Legislative),Four (adding the Church),,B
General Information & the 1987 Constitution,Where is the seat of the Philippine executive branch located?,medium,"Per the 1987 Philippine Constitution / standard civics reference, the correct answer is: Malacañang Palace.",The Batasang Pambansa,The Old Senate Building,Malacañang Palace,Fort Santiago,,C
General Information & the 1987 Constitution,The Bill of Rights corresponds to which article of the 1987 Constitution?,easy,"Per the 1987 Philippine Constitution / standard civics reference, the correct answer is: Article III.",Article III,Article V,Article IV,Article II,,A
General Information & the 1987 Constitution,Which article of the 1987 Constitution is known as the Bill of Rights?,easy,"Per the 1987 Philippine Constitution / standard civics reference, the correct answer is: Article III.",Article II,Article V,Article IV,Article III,,D
General Information & the 1987 Constitution,Which constitution did the 1987 Constitution replace?,medium,"Per the 1987 Philippine Constitution / standard civics reference, the correct answer is: The 1973 Constitution.",The Malolos Constitution,The 1898 Constitution,The 1935 Constitution,The 1973 Constitution,,D
General Information & the 1987 Constitution,What is the central personnel agency of the Philippine government?,medium,"Per the 1987 Philippine Constitution / standard civics reference, the correct answer is: The Civil Service Commission.",The Commission on Audit,The Commission on Elections,The Civil Service Commission,The Department of Budget and Management,,C
General Information & the 1987 Constitution,On what date did the Philippines declare independence from Spain?,easy,"Per the 1987 Philippine Constitution / standard civics reference, the correct answer is: June 12, 1898.","December 30, 1896","June 12, 1898","July 4, 1946","May 1, 1898",,B
General Information & the 1987 Constitution,Which provision guarantees the right of the people to information on matters of public concern?,medium,"Per the 1987 Philippine Constitution / standard civics reference, the correct answer is: The right to information on matters of public concern.",The right to due process,The right to information on matters of public concern,The right to counsel,The right to a speedy trial,,B
General Information & the 1987 Constitution,Which tree is recognized as the national tree of the Philippines?,easy,"Per the 1987 Philippine Constitution / standard civics reference, the correct answer is: Narra.",Bamboo,Acacia,Narra,Mahogany,,C
General Information & the 1987 Constitution,How many branches of government does the Philippines have under the 1987 Constitution?,medium,"Per the 1987 Philippine Constitution / standard civics reference, the correct answer is: Three (Executive, Legislative, and Judicial).",Two (Executive and Legislative),"Three (Executive, Legislative, and Judicial)",Four (adding the Church),Five (including the Military),,B
General Information & the 1987 Constitution,Name the three independent Constitutional Commissions of the Philippines.,medium,"Per the 1987 Philippine Constitution / standard civics reference, the correct answer is: Civil Service Commission, Commission on Elections, and Commission on Audit.","Department of Justice, DILG, and DBM","Ombudsman, COMELEC, and DOJ","Civil Service Commission, Commission on Elections, and Commission on Audit","Senate, House, and Judiciary",,C
General Information & the 1987 Constitution,Which article of the 1987 Constitution describes marriage as an inviolable social institution?,easy,"Per the 1987 Philippine Constitution / standard civics reference, the correct answer is: Article XV.",Article III,Article XIII,Article XV,Article II,,C
General Information & the 1987 Constitution,How many consecutive terms may a member of the House of Representatives serve?,medium,"Per the 1987 Philippine Constitution / standard civics reference, the correct answer is: A maximum of three consecutive terms.",No term limit,A maximum of three consecutive terms,A maximum of two consecutive terms,A maximum of one term,,B
General Information & the 1987 Constitution,How is the Civil Service Commission (CSC) composed under the 1987 Constitution?,medium,"Per the 1987 Philippine Constitution / standard civics reference, the correct answer is: A Chairman and 2 Commissioners (3 total).",A Chairman and 6 Commissioners (7 total),A Chairman and 2 Commissioners (3 total),"A Chairman alone, with no Commissioners",A Chairman and 4 Commissioners (5 total),,B
General Information & the 1987 Constitution,"Under Article IX-B, Section 1, the CSC is composed of a Chairman and how many Commissioners?",medium,"Per the 1987 Philippine Constitution / standard civics reference, the correct answer is: A Chairman and 2 Commissioners (3 total).",A Chairman and 4 Commissioners (5 total),A Chairman and 6 Commissioners (7 total),"A Chairman alone, with no Commissioners",A Chairman and 2 Commissioners (3 total),,D
General Information & the 1987 Constitution,"Under Article VI, Section 3, how old must a Senate candidate be at least?",medium,"Per the 1987 Philippine Constitution / standard civics reference, the correct answer is: At least 35 years old.",At least 25 years old,At least 35 years old,At least 30 years old,At least 40 years old,,B
General Information & the 1987 Constitution,When was the 1987 Constitution ratified?,medium,"Per the 1987 Philippine Constitution / standard civics reference, the correct answer is: February 2, 1987.","February 25, 1986","November 30, 1987","February 2, 1987","June 12, 1987",,C
General Information & the 1987 Constitution,"How many years of Philippine residency, immediately before the election, must a presidential candidate have at least?",medium,"Per the 1987 Philippine Constitution / standard civics reference, the correct answer is: At least 10 years.",At least 20 years,At least 5 years,At least 15 years,At least 10 years,,D
General Information & the 1987 Constitution,"Under Article III, Section 14(2), what presumption applies to an accused person?",medium,"Per the 1987 Philippine Constitution / standard civics reference, the correct answer is: Presumed innocent.",Presumed guilty,Presumed innocent,Presumed neutral,Presumed a flight risk,,B
General Information & the 1987 Constitution,"Under Article III, Section 11, may free access to courts be denied because of poverty?",medium,"Per the 1987 Philippine Constitution / standard civics reference, the correct answer is: No, free access to the courts shall not be denied to any person by reason of poverty.","No, free access to the courts shall not be denied to any person by reason of poverty",Only government employees have free access,Free access applies only to criminal cases,"Yes, court fees must always be paid in full",,A
General Information & the 1987 Constitution,"Under Article XI, Section 11, how many years does the Ombudsman serve?",medium,"Per the 1987 Philippine Constitution / standard civics reference, the correct answer is: 7 years, without reappointment.","5 years, without reappointment","4 years, renewable twice","7 years, without reappointment","6 years, renewable once",,C
General Information & the 1987 Constitution,What are the basic local government units in the Philippines?,medium,"Per the 1987 Philippine Constitution / standard civics reference, the correct answer is: Provinces, cities, municipalities, and barangays.","Provinces, cities, municipalities, and barangays","Districts, wards, and sitios","Regions, provinces, and towns",Provinces and barangays only,,A
General Information & the 1987 Constitution,Which composer wrote the melody of the Philippine national anthem?,easy,"Per the 1987 Philippine Constitution / standard civics reference, the correct answer is: Julian Felipe.",Jose Palma,Francisco Balagtas,Jose Rizal,Julian Felipe,,D
General Information & the 1987 Constitution,Which Filipino reformist and writer is widely regarded as the country's national hero?,easy,"Per the 1987 Philippine Constitution / standard civics reference, the correct answer is: Jose Rizal.",Emilio Aguinaldo,Jose Rizal,Andres Bonifacio,Antonio Luna,,B
General Information & the 1987 Constitution,Which President was ousted from power by the 1986 EDSA People Power Revolution?,medium,"Per the 1987 Philippine Constitution / standard civics reference, the correct answer is: Ferdinand Marcos.",Corazon Aquino,Diosdado Macapagal,Elpidio Quirino,Ferdinand Marcos,,D
General Information & the 1987 Constitution,What is the smallest political unit of local government in the Philippines?,easy,"Per the 1987 Philippine Constitution / standard civics reference, the correct answer is: The barangay.",The district,The region,The barangay,The province,,C
General Information & the 1987 Constitution,What is the official name of the administrative region that covers Metro Manila?,medium,"Per the 1987 Philippine Constitution / standard civics reference, the correct answer is: The National Capital Region (NCR).",The Metro Manila Province,The Central Luzon Region,Region IV-A,The National Capital Region (NCR),,D
General Information & the 1987 Constitution,Who presides over the House of Representatives?,medium,"Per the 1987 Philippine Constitution / standard civics reference, the correct answer is: The Speaker of the House.",The Chief Justice,The Senate President,The Speaker of the House,The Majority Floor Leader only,,C
General Information & the 1987 Constitution,The Philippines was named after which historical figure?,medium,"Per the 1987 Philippine Constitution / standard civics reference, the correct answer is: King Philip II of Spain.",Queen Isabella I of Spain,King Philip II of Spain,King Ferdinand II of Spain,King Charles I of Spain,,B
General Information & the 1987 Constitution,Metro Manila is officially designated as which region?,medium,"Per the 1987 Philippine Constitution / standard civics reference, the correct answer is: The National Capital Region (NCR).",The Metro Manila Province,The Central Luzon Region,The National Capital Region (NCR),Region IV-A,,C
General Information & the 1987 Constitution,Which department has jurisdiction over the Armed Forces of the Philippines?,medium,"Per the 1987 Philippine Constitution / standard civics reference, the correct answer is: The Department of National Defense.",The Department of the Interior and Local Government,The Department of Foreign Affairs,The Department of National Defense,The Department of Justice,,C
General Information & the 1987 Constitution,The Armed Forces of the Philippines is under the authority of which department?,medium,"Per the 1987 Philippine Constitution / standard civics reference, the correct answer is: The Department of National Defense.",The Department of Justice,The Department of National Defense,The Department of the Interior and Local Government,The Department of Foreign Affairs,,B
General Information & the 1987 Constitution,"How many consecutive terms may a local elective official, such as a mayor, serve?",medium,"Per the 1987 Philippine Constitution / standard civics reference, the correct answer is: A maximum of three consecutive terms.",A maximum of three consecutive terms,No term limit,A maximum of two consecutive terms,A maximum of one term,,A
General Information & the 1987 Constitution,"Under Article VII, Section 3, what qualifications must a Vice President have?",medium,"Per the 1987 Philippine Constitution / standard civics reference, the correct answer is: The same qualifications as the President.",No qualifications are specified,Only citizenship is required,Slightly lower age and residency requirements,The same qualifications as the President,,D
General Information & the 1987 Constitution,The original Spanish lyrics later adapted into the Philippine national anthem were written by whom?,easy,"Per the 1987 Philippine Constitution / standard civics reference, the correct answer is: Jose Palma.",Julian Felipe,Apolinario Mabini,Jose Palma,Andres Bonifacio,,C
General Information & the 1987 Constitution,Which city serves as the capital of the Philippines?,easy,"Per the 1987 Philippine Constitution / standard civics reference, the correct answer is: Manila.",Cebu City,Manila,Quezon City,Davao City,,B
General Information & the 1987 Constitution,What is the term of office of the Ombudsman under the 1987 Constitution?,medium,"Per the 1987 Philippine Constitution / standard civics reference, the correct answer is: 7 years, without reappointment.","6 years, renewable once","5 years, without reappointment","4 years, renewable twice","7 years, without reappointment",,D
General Information & the 1987 Constitution,What is the capital of the Philippines?,easy,"Per the 1987 Philippine Constitution / standard civics reference, the correct answer is: Manila.",Quezon City,Manila,Davao City,Cebu City,,B
General Information & the 1987 Constitution,"Under Article VI, Section 6, how old must a House candidate be at least?",medium,"Per the 1987 Philippine Constitution / standard civics reference, the correct answer is: At least 25 years old.",At least 21 years old,At least 30 years old,At least 35 years old,At least 25 years old,,D
General Information & the 1987 Constitution,What are the three modes of proposing amendments to the 1987 Constitution?,medium,"Per the 1987 Philippine Constitution / standard civics reference, the correct answer is: By Congress, a Constitutional Convention, or a People's Initiative.",By the Supreme Court alone,By the President alone,"By Congress, a Constitutional Convention, or a People's Initiative",By a simple public referendum with no proposal stage,,C
General Information & the 1987 Constitution,"Who composed the music of the Philippine national anthem, 'Lupang Hinirang'?",easy,"Per the 1987 Philippine Constitution / standard civics reference, the correct answer is: Julian Felipe.",Jose Rizal,Julian Felipe,Jose Palma,Francisco Balagtas,,B
General Information & the 1987 Constitution,What is the general power of the State to regulate conduct and property for public welfare called?,easy,"Per the 1987 Philippine Constitution / standard civics reference, the correct answer is: Police power.",The power of taxation,The power of judicial review,Police power,The power of eminent domain,,C
General Information & the 1987 Constitution,"Which date honors Andres Bonifacio, founder of the Katipunan?",easy,"Per the 1987 Philippine Constitution / standard civics reference, the correct answer is: November 30.",June 12,November 30,December 30,August 21,,B
General Information & the 1987 Constitution,"Under Article II, Section 3, which authority is supreme over the military at all times?",medium,"Per the 1987 Philippine Constitution / standard civics reference, the correct answer is: Civilian authority.",Church authority,Civilian authority,Military authority,Foreign authority,,B
General Information & the 1987 Constitution,"The Transitory Provisions are found in which, and final, article of the 1987 Constitution?",easy,"Per the 1987 Philippine Constitution / standard civics reference, the correct answer is: Article XVIII.",Article XVIII,Article XVI,Article XII,Article XIV,,A
General Information & the 1987 Constitution,"Which inherent power of the State allows it to enact laws to promote public health, safety, and welfare?",easy,"Per the 1987 Philippine Constitution / standard civics reference, the correct answer is: Police power.",The power of eminent domain,Police power,The power of judicial review,The power of taxation,,B
General Information & the 1987 Constitution,Which flower is recognized as the national flower of the Philippines?,easy,"Per the 1987 Philippine Constitution / standard civics reference, the correct answer is: Sampaguita.",Sampaguita,Rose,Gumamela,Ilang-ilang,,A
General Information & the 1987 Constitution,What does the 1987 Constitution say about free access to the courts?,medium,"Per the 1987 Philippine Constitution / standard civics reference, the correct answer is: No, free access to the courts shall not be denied to any person by reason of poverty.","Yes, court fees must always be paid in full",Free access applies only to criminal cases,"No, free access to the courts shall not be denied to any person by reason of poverty",Only government employees have free access,,C
General Information & the 1987 Constitution,What are the three main island groups of the Philippines?,medium,"Per the 1987 Philippine Constitution / standard civics reference, the correct answer is: Luzon, Visayas, and Mindanao.","Luzon, Visayas, and Mindanao","Visayas, Mindanao, and Sulu","Luzon, Bicol, and Mindanao","Luzon, Palawan, and Mindanao",,A
General Information & the 1987 Constitution,What is the minimum age requirement to become a member of the House of Representatives?,medium,"Per the 1987 Philippine Constitution / standard civics reference, the correct answer is: At least 25 years old.",At least 35 years old,At least 21 years old,At least 25 years old,At least 30 years old,,C
General Information & the 1987 Constitution,The Philippines gained independence from the United States on what date?,easy,"Per the 1987 Philippine Constitution / standard civics reference, the correct answer is: July 4, 1946.","February 25, 1986","November 30, 1946","July 4, 1946","June 12, 1898",,C
General Information & the 1987 Constitution,What is the national flower of the Philippines?,easy,"Per the 1987 Philippine Constitution / standard civics reference, the correct answer is: Sampaguita.",Gumamela,Sampaguita,Rose,Ilang-ilang,,B
General Information & the 1987 Constitution,How many years does a Philippine Vice President serve per term?,easy,"Per the 1987 Philippine Constitution / standard civics reference, the correct answer is: 6 years.",4 years,6 years,5 years,3 years,,B
General Information & the 1987 Constitution,"Under Article IX-C, Section 1, COMELEC is composed of a Chairman and how many Commissioners?",medium,"Per the 1987 Philippine Constitution / standard civics reference, the correct answer is: A Chairman and 6 Commissioners (7 total).",A Chairman and 2 Commissioners (3 total),A Chairman and 4 Commissioners (5 total),A Chairman and 6 Commissioners (7 total),A Chairman and 8 Commissioners (9 total),,C
General Information & the 1987 Constitution,"Which river, also called the Rio Grande de Cagayan, is the longest in the country?",medium,"Per the 1987 Philippine Constitution / standard civics reference, the correct answer is: The Cagayan River.",The Pampanga River,The Pasig River,The Agno River,The Cagayan River,,D
General Information & the 1987 Constitution,Which department exercises supervision and control over the Philippine National Police?,medium,"Per the 1987 Philippine Constitution / standard civics reference, the correct answer is: The Department of the Interior and Local Government (DILG).",The Department of the Interior and Local Government (DILG),The Department of National Defense,The Office of the President alone,The Department of Justice,,A
General Information & the 1987 Constitution,Which date commemorates the execution of Dr. Jose Rizal?,easy,"Per the 1987 Philippine Constitution / standard civics reference, the correct answer is: December 30.",November 30,June 12,February 25,December 30,,D
General Information & the 1987 Constitution,On what date is Rizal Day observed in the Philippines?,easy,"Per the 1987 Philippine Constitution / standard civics reference, the correct answer is: December 30.",November 30,February 25,June 12,December 30,,D
General Information & the 1987 Constitution,Which is the largest island group/island in the Philippines by land area?,easy,"Per the 1987 Philippine Constitution / standard civics reference, the correct answer is: Luzon.",Visayas,Mindanao,Palawan,Luzon,,D
General Information & the 1987 Constitution,The framing of the 1987 Constitution followed which major historical event?,medium,"Per the 1987 Philippine Constitution / standard civics reference, the correct answer is: The 1986 EDSA People Power Revolution.",The 1986 EDSA People Power Revolution,The Philippine Revolution of 1896,The Martial Law declaration of 1972,World War II,,A
General Information & the 1987 Constitution,On what date was the 1987 Constitution ratified in a national plebiscite?,medium,"Per the 1987 Philippine Constitution / standard civics reference, the correct answer is: February 2, 1987.","February 25, 1986","February 2, 1987","June 12, 1987","November 30, 1987",,B
General Information & the 1987 Constitution,What is the term of office of a member of the House of Representatives?,easy,"Per the 1987 Philippine Constitution / standard civics reference, the correct answer is: 3 years.",6 years,2 years,4 years,3 years,,D
General Information & the 1987 Constitution,What is the term limit for local elective officials under the 1987 Constitution?,medium,"Per the 1987 Philippine Constitution / standard civics reference, the correct answer is: A maximum of three consecutive terms.",A maximum of two consecutive terms,A maximum of one term,A maximum of three consecutive terms,No term limit,,C
General Information & the 1987 Constitution,Which Bill of Rights provision protects the privacy of communication and correspondence?,medium,"Per the 1987 Philippine Constitution / standard civics reference, the correct answer is: The right to privacy of communication and correspondence.",The right to information,The right to privacy of communication and correspondence,The right to free speech,The right against unreasonable searches only,,B
General Information & the 1987 Constitution,"Who originally wrote the lyrics of the Philippine national anthem, in Spanish, titled 'Filipinas'?",easy,"Per the 1987 Philippine Constitution / standard civics reference, the correct answer is: Jose Palma.",Julian Felipe,Andres Bonifacio,Apolinario Mabini,Jose Palma,,D
General Information & the 1987 Constitution,What position leads and presides over sessions of the House of Representatives?,medium,"Per the 1987 Philippine Constitution / standard civics reference, the correct answer is: The Speaker of the House.",The Chief Justice,The Senate President,The Majority Floor Leader only,The Speaker of the House,,D
General Information & the 1987 Constitution,What is the longest river in the Philippines?,medium,"Per the 1987 Philippine Constitution / standard civics reference, the correct answer is: The Cagayan River.",The Cagayan River,The Pampanga River,The Agno River,The Pasig River,,A
General Information & the 1987 Constitution,On what date is Bonifacio Day observed in the Philippines?,easy,"Per the 1987 Philippine Constitution / standard civics reference, the correct answer is: November 30.",November 30,June 12,August 21,December 30,,A
General Information & the 1987 Constitution,Under whose administration and under what condition was the 1973 Constitution ratified?,medium,"Per the 1987 Philippine Constitution / standard civics reference, the correct answer is: Under President Ferdinand Marcos, during Martial Law.","Under President Manuel Quezon, during the Commonwealth",Under American colonial rule,"Under President Corazon Aquino, after EDSA","Under President Ferdinand Marcos, during Martial Law",,D
General Information & the 1987 Constitution,"The Philippine Revolution, led by the Katipunan, broke out in what year?",easy,"Per the 1987 Philippine Constitution / standard civics reference, the correct answer is: 1896.",1896,1898,1901,1899,,A
General Information & the 1987 Constitution,What is the term of office of a Philippine Senator?,easy,"Per the 1987 Philippine Constitution / standard civics reference, the correct answer is: 6 years.",6 years,3 years,5 years,4 years,,A
General Information & the 1987 Constitution,In what year did the Philippine Revolution against Spain begin?,easy,"Per the 1987 Philippine Constitution / standard civics reference, the correct answer is: 1896.",1898,1901,1899,1896,,D
General Information & the 1987 Constitution,What are the official languages of the Philippines for purposes of communication and instruction?,medium,"Per the 1987 Philippine Constitution / standard civics reference, the correct answer is: Filipino and English.",English and Spanish,Filipino only,Filipino and Spanish,Filipino and English,,D
General Information & the 1987 Constitution,Which currency is legal tender in the Philippines?,medium,"Per the 1987 Philippine Constitution / standard civics reference, the correct answer is: The Philippine peso.",The Philippine dollar,The Philippine ringgit,The Philippine rupiah,The Philippine peso,,D
General Information & the 1987 Constitution,What is the official residence and workplace of the Philippine President?,medium,"Per the 1987 Philippine Constitution / standard civics reference, the correct answer is: Malacañang Palace.",Fort Santiago,Malacañang Palace,The Old Senate Building,The Batasang Pambansa,,B
General Information & the 1987 Constitution,"Under Article VIII, Section 4, the Supreme Court is composed of a Chief Justice and how many Associate Justices, for a total of how many members?",medium,"Per the 1987 Philippine Constitution / standard civics reference, the correct answer is: A Chief Justice and 14 Associate Justices (15 total).",A Chief Justice and 14 Associate Justices (15 total),A Chief Justice and 20 Associate Justices (21 total),A Chief Justice and 8 Associate Justices (9 total),A Chief Justice and 10 Associate Justices (11 total),,A
General Information & the 1987 Constitution,"Which three colors, plus the sun and stars, appear on the Philippine flag?",medium,"Per the 1987 Philippine Constitution / standard civics reference, the correct answer is: Blue, red, and white.","Blue, green, and white","Blue, red, and white","Red, yellow, and white","Blue, red, and yellow",,B
General Information & the 1987 Constitution,"Under the 1987 Constitution, may a law impairing the obligation of contracts be passed?",medium,"Per the 1987 Philippine Constitution / standard civics reference, the correct answer is: No law impairing the obligation of contracts shall be passed.",Such laws are allowed if approved by Congress,Such laws are allowed only during a state of emergency,There is no rule on this in the Constitution,No law impairing the obligation of contracts shall be passed,,D
General Information & the 1987 Constitution,Which article of the 1987 Constitution recognizes the family as the foundation of the nation?,easy,"Per the 1987 Philippine Constitution / standard civics reference, the correct answer is: Article XV.",Article XIV,Article XVI,Article XV,Article XIII,,C
General Information & the 1987 Constitution,Which unit of government is smaller than a municipality and forms the basic community unit?,easy,"Per the 1987 Philippine Constitution / standard civics reference, the correct answer is: The barangay.",The province,The barangay,The region,The district,,B
General Information & the 1987 Constitution,What historical event is commemorated every February 25 in the Philippines?,medium,"Per the 1987 Philippine Constitution / standard civics reference, the correct answer is: The EDSA People Power Revolution.",The ratification of the 1987 Constitution,Philippine Independence Day,The EDSA People Power Revolution,Rizal Day,,C
General Information & the 1987 Constitution,What is the Philippine national anthem called?,medium,"Per the 1987 Philippine Constitution / standard civics reference, the correct answer is: Lupang Hinirang.",Ako ay Pilipino,Lupang Hinirang,Pilipinas Kong Mahal,Bayan Ko,,B
General Information & the 1987 Constitution,How many successive terms may a Philippine Vice President serve under the 1987 Constitution?,medium,"Per the 1987 Philippine Constitution / standard civics reference, the correct answer is: A maximum of two successive terms.",No term limit,A maximum of three successive terms,A maximum of one term,A maximum of two successive terms,,D
General Information & the 1987 Constitution,"The Katipunan, founded in 1892, was led by which Filipino revolutionary?",medium,"Per the 1987 Philippine Constitution / standard civics reference, the correct answer is: Andres Bonifacio.",Jose Rizal,Emilio Aguinaldo,Andres Bonifacio,Apolinario Mabini,,C
General Information & the 1987 Constitution,"How many stars appear on the Philippine flag, and what do they represent?",medium,"Per the 1987 Philippine Constitution / standard civics reference, the correct answer is: Three stars, representing Luzon, Visayas, and Mindanao.","Five stars, representing the regions","Three stars, representing the first three presidents","Three stars, representing Luzon, Visayas, and Mindanao","Three stars, representing the three branches of government",,C
General Information & the 1987 Constitution,How many years does a Senator serve under the 1987 Constitution?,easy,"Per the 1987 Philippine Constitution / standard civics reference, the correct answer is: 6 years.",3 years,5 years,6 years,4 years,,C
General Information & the 1987 Constitution,"What is the power of the State to take private property for public use, with just compensation, called?",medium,"Per the 1987 Philippine Constitution / standard civics reference, the correct answer is: Just compensation (power of eminent domain).",A government subsidy,Fair market interest,Just compensation (power of eminent domain),"Free transfer, without payment",,C
General Information & the 1987 Constitution,The 1987 Constitution was drafted in the aftermath of which event?,medium,"Per the 1987 Philippine Constitution / standard civics reference, the correct answer is: The 1986 EDSA People Power Revolution.",The 1986 EDSA People Power Revolution,World War II,The Martial Law declaration of 1972,The Philippine Revolution of 1896,,A
General Information & the 1987 Constitution,How many members make up the Philippine Senate?,easy,"Per the 1987 Philippine Constitution / standard civics reference, the correct answer is: 24.",12,18,30,24,,D
General Information & the 1987 Constitution,"Under the 1987 Constitution, how may amendments or revisions be proposed?",medium,"Per the 1987 Philippine Constitution / standard civics reference, the correct answer is: By Congress, a Constitutional Convention, or a People's Initiative.",By a simple public referendum with no proposal stage,By the Supreme Court alone,By the President alone,"By Congress, a Constitutional Convention, or a People's Initiative",,D
General Information & the 1987 Constitution,Which anniversary is observed on February 25 each year?,medium,"Per the 1987 Philippine Constitution / standard civics reference, the correct answer is: The EDSA People Power Revolution.",The EDSA People Power Revolution,Rizal Day,Philippine Independence Day,The ratification of the 1987 Constitution,,A
General Information & the 1987 Constitution,What are the colors of the Philippine flag?,medium,"Per the 1987 Philippine Constitution / standard civics reference, the correct answer is: Blue, red, and white.","Blue, red, and yellow","Blue, green, and white","Blue, red, and white","Red, yellow, and white",,C
General Information & the 1987 Constitution,What is the minimum residency requirement to run for President of the Philippines?,medium,"Per the 1987 Philippine Constitution / standard civics reference, the correct answer is: At least 10 years.",At least 5 years,At least 10 years,At least 15 years,At least 20 years,,B
General Information & the 1987 Constitution,What is the national language of the Philippines?,easy,"Per the 1987 Philippine Constitution / standard civics reference, the correct answer is: Filipino.",Spanish,"Tagalog only, by law separate from Filipino",English,Filipino,,D
General Information & the 1987 Constitution,What are the minimum qualifications for Vice President under the 1987 Constitution?,medium,"Per the 1987 Philippine Constitution / standard civics reference, the correct answer is: The same qualifications as the President.",No qualifications are specified,The same qualifications as the President,Slightly lower age and residency requirements,Only citizenship is required,,B
General Information & the 1987 Constitution,The 1987 Constitution is composed of how many Articles?,easy,"Per the 1987 Philippine Constitution / standard civics reference, the correct answer is: 18 Articles.",15 Articles,18 Articles,12 Articles,20 Articles,,B
General Information & the 1987 Constitution,"Under Article XIV, Section 7, which two languages are designated as official languages?",medium,"Per the 1987 Philippine Constitution / standard civics reference, the correct answer is: Filipino and English.",Filipino only,Filipino and English,Filipino and Spanish,English and Spanish,,B
General Information & the 1987 Constitution,The country name 'Philippines' honors which 16th-century monarch?,medium,"Per the 1987 Philippine Constitution / standard civics reference, the correct answer is: King Philip II of Spain.",King Philip II of Spain,Queen Isabella I of Spain,King Charles I of Spain,King Ferdinand II of Spain,,A
General Information & the 1987 Constitution,What is the minimum age requirement to become President of the Philippines?,medium,"Per the 1987 Philippine Constitution / standard civics reference, the correct answer is: At least 40 years old.",At least 40 years old,At least 35 years old,At least 50 years old,At least 45 years old,,A
General Information & the 1987 Constitution,"According to Article II, Section 1, the Philippines is described as what kind of state?",medium,"Per the 1987 Philippine Constitution / standard civics reference, the correct answer is: A democratic and republican State.",A monarchical State,A democratic and republican State,A parliamentary State,A federal State,,B
General Information & the 1987 Constitution,What are the three Constitutional Commissions created under the 1987 Constitution?,medium,"Per the 1987 Philippine Constitution / standard civics reference, the correct answer is: Civil Service Commission, Commission on Elections, and Commission on Audit.","Senate, House, and Judiciary","Department of Justice, DILG, and DBM","Civil Service Commission, Commission on Elections, and Commission on Audit","Ombudsman, COMELEC, and DOJ",,C
General Information & the 1987 Constitution,What is the term limit for the Vice President under the 1987 Constitution?,medium,"Per the 1987 Philippine Constitution / standard civics reference, the correct answer is: A maximum of two successive terms.",A maximum of one term,A maximum of three successive terms,No term limit,A maximum of two successive terms,,D
General Information & the 1987 Constitution,Who is popularly recognized as the national hero of the Philippines?,easy,"Per the 1987 Philippine Constitution / standard civics reference, the correct answer is: Jose Rizal.",Andres Bonifacio,Antonio Luna,Emilio Aguinaldo,Jose Rizal,,D
General Information & the 1987 Constitution,What education program added Kindergarten and extended basic education to 12 years?,medium,"Per the 1987 Philippine Constitution / standard civics reference, the correct answer is: The K to 12 Program.",The Alternative Learning System,The Madrasah Education Program,The K to 12 Program,The Special Education Program,,C
General Information & the 1987 Constitution,The 1935 Constitution was crafted in preparation for what political change?,medium,"Per the 1987 Philippine Constitution / standard civics reference, the correct answer is: The transition to Commonwealth status and eventual independence from the United States.",Full independence from Spain,The transition to Commonwealth status and eventual independence from the United States,Federalism under British rule,Annexation by Japan,,B
General Information & the 1987 Constitution,What kind of public education does the 1987 Constitution require the State to provide for free?,medium,"Per the 1987 Philippine Constitution / standard civics reference, the correct answer is: Free public education at the elementary and secondary levels.",Free public education at the elementary and secondary levels,Free education only at the elementary level,"Free education at all levels, including college",There is no requirement for free public education,,A
General Information & the 1987 Constitution,"Under Article V, Section 1, at what age may a Filipino citizen exercise the right of suffrage?",easy,"Per the 1987 Philippine Constitution / standard civics reference, the correct answer is: 18 years old.",15 years old,18 years old,16 years old,21 years old,,B
General Information & the 1987 Constitution,"Under Article III, Section 3, what right protects a person's letters and messages from being disclosed?",medium,"Per the 1987 Philippine Constitution / standard civics reference, the correct answer is: The right to privacy of communication and correspondence.",The right to privacy of communication and correspondence,The right to information,The right to free speech,The right against unreasonable searches only,,A
General Information & the 1987 Constitution,How is the Commission on Elections (COMELEC) composed under the 1987 Constitution?,medium,"Per the 1987 Philippine Constitution / standard civics reference, the correct answer is: A Chairman and 6 Commissioners (7 total).",A Chairman and 8 Commissioners (9 total),A Chairman and 4 Commissioners (5 total),A Chairman and 2 Commissioners (3 total),A Chairman and 6 Commissioners (7 total),,D
General Information & the 1987 Constitution,What is the national tree of the Philippines?,easy,"Per the 1987 Philippine Constitution / standard civics reference, the correct answer is: Narra.",Acacia,Bamboo,Mahogany,Narra,,D
General Information & the 1987 Constitution,How many Senators comprise the Philippine Senate under the 1987 Constitution?,easy,"Per the 1987 Philippine Constitution / standard civics reference, the correct answer is: 24.",18,12,24,30,,C
General Information & the 1987 Constitution,"Under the Bill of Rights, until proven guilty, how is an accused person treated?",medium,"Per the 1987 Philippine Constitution / standard civics reference, the correct answer is: Presumed innocent.",Presumed guilty,Presumed neutral,Presumed a flight risk,Presumed innocent,,D
General Information & the 1987 Constitution,"How many years do Commissioners of the CSC, COMELEC, and COA serve, under the 1987 Constitution?",medium,"Per the 1987 Philippine Constitution / standard civics reference, the correct answer is: 7 years, without reappointment.","7 years, without reappointment","4 years, renewable twice","6 years, renewable once","5 years, without reappointment",,A
General Information & the 1987 Constitution,The Philippine archipelago is traditionally divided into which three major island groups?,medium,"Per the 1987 Philippine Constitution / standard civics reference, the correct answer is: Luzon, Visayas, and Mindanao.","Visayas, Mindanao, and Sulu","Luzon, Palawan, and Mindanao","Luzon, Visayas, and Mindanao","Luzon, Bicol, and Mindanao",,C
General Information & the 1987 Constitution,Who presides over the Philippine Senate?,medium,"Per the 1987 Philippine Constitution / standard civics reference, the correct answer is: The Senate President.",The Senate President,The Chief Justice,The Speaker of the House,The Vice President always,,A
General Information & the 1987 Constitution,What is the national bird of the Philippines?,medium,"Per the 1987 Philippine Constitution / standard civics reference, the correct answer is: The Philippine Eagle.",The Philippine Owl,The Philippine Eagle,The Kingfisher,The Maya bird,,B
General Information & the 1987 Constitution,"Who became President of the Philippines immediately after the 1986 EDSA Revolution, under whom the 1987 Constitution was framed?",easy,"Per the 1987 Philippine Constitution / standard civics reference, the correct answer is: Corazon Aquino.",Joseph Estrada,Corazon Aquino,Ferdinand Marcos,Fidel Ramos,,B
General Information & the 1987 Constitution,"Who founded the Katipunan, the secret society that launched the Philippine Revolution?",medium,"Per the 1987 Philippine Constitution / standard civics reference, the correct answer is: Andres Bonifacio.",Jose Rizal,Apolinario Mabini,Emilio Aguinaldo,Andres Bonifacio,,D
General Information & the 1987 Constitution,What is the term limit for a House Representative under the 1987 Constitution?,medium,"Per the 1987 Philippine Constitution / standard civics reference, the correct answer is: A maximum of three consecutive terms.",No term limit,A maximum of three consecutive terms,A maximum of two consecutive terms,A maximum of one term,,B
General Information & the 1987 Constitution,Which constitution is recognized as the first Philippine constitution?,medium,"Per the 1987 Philippine Constitution / standard civics reference, the correct answer is: The Malolos Constitution.",The Malolos Constitution,The 1987 Constitution,The 1973 Constitution,The 1935 Constitution,,A
General Information & the 1987 Constitution,Which body serves as the central human resource agency of the government?,medium,"Per the 1987 Philippine Constitution / standard civics reference, the correct answer is: The Civil Service Commission.",The Civil Service Commission,The Commission on Elections,The Commission on Audit,The Department of Budget and Management,,A
General Information & the 1987 Constitution,What is the largest island in the Philippine archipelago?,easy,"Per the 1987 Philippine Constitution / standard civics reference, the correct answer is: Luzon.",Mindanao,Visayas,Luzon,Palawan,,C
General Information & the 1987 Constitution,How is the Commission on Audit (COA) composed under the 1987 Constitution?,medium,"Per the 1987 Philippine Constitution / standard civics reference, the correct answer is: A Chairman and 2 Commissioners (3 total).",A Chairman and 4 Commissioners (5 total),"A Chairman alone, with no Commissioners",A Chairman and 6 Commissioners (7 total),A Chairman and 2 Commissioners (3 total),,D
General Information & the 1987 Constitution,The three stars on the Philippine flag represent what?,medium,"Per the 1987 Philippine Constitution / standard civics reference, the correct answer is: Three stars, representing Luzon, Visayas, and Mindanao.","Three stars, representing the three branches of government","Five stars, representing the regions","Three stars, representing the first three presidents","Three stars, representing Luzon, Visayas, and Mindanao",,D
General Information & the 1987 Constitution,Which Bill of Rights provision protects a person from being compelled to testify against themselves?,medium,"Per the 1987 Philippine Constitution / standard civics reference, the correct answer is: The right against self-incrimination.",The right against self-incrimination,The right to counsel,The right to due process,The right to bail,,A
General Information & the 1987 Constitution,"Which article of the 1987 Constitution covers Education, Science and Technology, Arts, Culture, and Sports?",easy,"Per the 1987 Philippine Constitution / standard civics reference, the correct answer is: Article XIV.",Article XIV,Article IX,Article XIII,Article XI,,A
General Information & the 1987 Constitution,On what date did the United States formally recognize Philippine independence?,easy,"Per the 1987 Philippine Constitution / standard civics reference, the correct answer is: July 4, 1946.","July 4, 1946","June 12, 1898","November 30, 1946","February 25, 1986",,A
General Information & the 1987 Constitution,The Family is given its own article under which number?,easy,"Per the 1987 Philippine Constitution / standard civics reference, the correct answer is: Article XV.",Article XV,Article XIV,Article XVI,Article XIII,,A
General Information & the 1987 Constitution,Which President led the drafting and ratification of the 1987 Constitution?,easy,"Per the 1987 Philippine Constitution / standard civics reference, the correct answer is: Corazon Aquino.",Ferdinand Marcos,Fidel Ramos,Joseph Estrada,Corazon Aquino,,D
General Information & the 1987 Constitution,What office investigates and acts on complaints against public officials for graft and corruption?,medium,"Per the 1987 Philippine Constitution / standard civics reference, the correct answer is: The Office of the Ombudsman.",The Civil Service Commission,The Office of the Ombudsman,The Department of Justice,The Commission on Audit,,B
General Information & the 1987 Constitution,"What principle does Article II, Section 3 establish regarding the military?",medium,"Per the 1987 Philippine Constitution / standard civics reference, the correct answer is: Civilian authority.",Church authority,Military authority,Foreign authority,Civilian authority,,D
General Information & the 1987 Constitution,What is the title of the Philippine national anthem?,medium,"Per the 1987 Philippine Constitution / standard civics reference, the correct answer is: Lupang Hinirang.",Ako ay Pilipino,Bayan Ko,Pilipinas Kong Mahal,Lupang Hinirang,,D
General Information & the 1987 Constitution,Which provision of the 1987 Constitution renounces war as an instrument of national policy?,medium,"Per the 1987 Philippine Constitution / standard civics reference, the correct answer is: Article II, Section 2.","Article II, Section 2","Article VII, Section 1","Article XVIII, Section 1","Article III, Section 1",,A
General Information & the 1987 Constitution,What is the term of office of the Vice President under the 1987 Constitution?,easy,"Per the 1987 Philippine Constitution / standard civics reference, the correct answer is: 6 years.",3 years,4 years,5 years,6 years,,D
General Information & the 1987 Constitution,Which mountain in Mindanao is the highest peak in the Philippines?,easy,"Per the 1987 Philippine Constitution / standard civics reference, the correct answer is: Mount Apo.",Mount Mayon,Mount Pulag,Mount Pinatubo,Mount Apo,,D
General Information & the 1987 Constitution,"What was the first constitution of the Philippines, ratified by the Malolos Congress in 1899?",medium,"Per the 1987 Philippine Constitution / standard civics reference, the correct answer is: The Malolos Constitution.",The 1935 Constitution,The 1973 Constitution,The Malolos Constitution,The 1987 Constitution,,C
General Information & the 1987 Constitution,How many years does a Philippine mayor or governor serve per term?,easy,"Per the 1987 Philippine Constitution / standard civics reference, the correct answer is: 3 years.",6 years,4 years,2 years,3 years,,D
General Information & the 1987 Constitution,The principle of separation of Church and State is found in which article and section?,medium,"Per the 1987 Philippine Constitution / standard civics reference, the correct answer is: Article II, Section 6.","Article II, Section 6","Article VI, Section 1","Article XIV, Section 3","Article III, Section 5",,A
General Information & the 1987 Constitution,What is the term limit for a Senator under the 1987 Constitution?,medium,"Per the 1987 Philippine Constitution / standard civics reference, the correct answer is: A maximum of two consecutive terms.",A maximum of three consecutive terms,No term limit,A maximum of one term,A maximum of two consecutive terms,,D
General Information & the 1987 Constitution,Which martial art/sport is recognized as the Philippines' national sport?,easy,"Per the 1987 Philippine Constitution / standard civics reference, the correct answer is: Arnis.",Basketball,Boxing,Sipa,Arnis,,D
General Information & the 1987 Constitution,How many years does a Congressman/Congresswoman serve per term?,easy,"Per the 1987 Philippine Constitution / standard civics reference, the correct answer is: 3 years.",4 years,6 years,3 years,2 years,,C
General Information & the 1987 Constitution,"Under Article VII, Section 4 of the 1987 Constitution, how many years does the President serve?",easy,"Per the 1987 Philippine Constitution / standard civics reference, the correct answer is: 6 years.",8 years,4 years,6 years,5 years,,C
General Information & the 1987 Constitution,How many Articles does the 1987 Constitution have in total?,easy,"Per the 1987 Philippine Constitution / standard civics reference, the correct answer is: 18 Articles.",15 Articles,20 Articles,12 Articles,18 Articles,,D
General Information & the 1987 Constitution,"Who was the first President of the Philippines, under the short-lived Malolos Republic of 1899?",medium,"Per the 1987 Philippine Constitution / standard civics reference, the correct answer is: Emilio Aguinaldo.",Manuel Quezon,Emilio Aguinaldo,Andres Bonifacio,Jose Rizal,,B
General Information & the 1987 Constitution,"Under Article VI, Section 2, the Senate is composed of how many members?",easy,"Per the 1987 Philippine Constitution / standard civics reference, the correct answer is: 24.",12,30,18,24,,D
General Information & the 1987 Constitution,"What is the national sport of the Philippines, as declared by law?",easy,"Per the 1987 Philippine Constitution / standard civics reference, the correct answer is: Arnis.",Basketball,Arnis,Sipa,Boxing,,B
General Information & the 1987 Constitution,Which constitutional office is tasked with investigating erring public officials?,medium,"Per the 1987 Philippine Constitution / standard civics reference, the correct answer is: The Office of the Ombudsman.",The Department of Justice,The Civil Service Commission,The Commission on Audit,The Office of the Ombudsman,,D
General Information & the 1987 Constitution,"Under Republic Act 10533, what is the name of the program that added Senior High School to the basic education curriculum?",medium,"Per the 1987 Philippine Constitution / standard civics reference, the correct answer is: The K to 12 Program.",The K to 12 Program,The Madrasah Education Program,The Special Education Program,The Alternative Learning System,,A
General Information & the 1987 Constitution,What Philippine holiday commemorates independence from Spain?,medium,"Per the 1987 Philippine Constitution / standard civics reference, the correct answer is: Independence Day.",Independence Day,National Heroes Day,Bonifacio Day,Rizal Day,,A
General Information & the 1987 Constitution,The Philippine National Police operates under the supervision of which government department?,medium,"Per the 1987 Philippine Constitution / standard civics reference, the correct answer is: The Department of the Interior and Local Government (DILG).",The Department of the Interior and Local Government (DILG),The Office of the President alone,The Department of Justice,The Department of National Defense,,A
General Information & the 1987 Constitution,Which bird is recognized as the national bird of the Philippines?,medium,"Per the 1987 Philippine Constitution / standard civics reference, the correct answer is: The Philippine Eagle.",The Philippine Eagle,The Kingfisher,The Maya bird,The Philippine Owl,,A
General Information & the 1987 Constitution,What are the opening words of the Preamble of the 1987 Constitution?,medium,"Per the 1987 Philippine Constitution / standard civics reference, the correct answer is: ""We, the sovereign Filipino people..."".","""We, the sovereign Filipino people...""","""We hold these truths...""","""By the authority of the people...""","""In the name of...""",,A
General Information & the 1987 Constitution,Who heads the Judicial branch of the Philippine government?,medium,"Per the 1987 Philippine Constitution / standard civics reference, the correct answer is: The Chief Justice.",The Ombudsman,The Senate President,The Solicitor General,The Chief Justice,,D
General Information & the 1987 Constitution,Which language is designated as the national language under the 1987 Constitution?,easy,"Per the 1987 Philippine Constitution / standard civics reference, the correct answer is: Filipino.","Tagalog only, by law separate from Filipino",English,Spanish,Filipino,,D
General Information & the 1987 Constitution,The EDSA People Power Revolution of 1986 led to the ouster of which President?,medium,"Per the 1987 Philippine Constitution / standard civics reference, the correct answer is: Ferdinand Marcos.",Elpidio Quirino,Diosdado Macapagal,Ferdinand Marcos,Corazon Aquino,,C
General Information & the 1987 Constitution,"Provisions on education, science, and culture are found in which article?",easy,"Per the 1987 Philippine Constitution / standard civics reference, the correct answer is: Article XIV.",Article XIV,Article XIII,Article XI,Article IX,,A
General Information & the 1987 Constitution,What is the highest mountain in the Philippines?,easy,"Per the 1987 Philippine Constitution / standard civics reference, the correct answer is: Mount Apo.",Mount Mayon,Mount Pulag,Mount Pinatubo,Mount Apo,,D
General Information & the 1987 Constitution,The Philippines was called 'Las Islas Filipinas' in honor of whom?,medium,"Per the 1987 Philippine Constitution / standard civics reference, the correct answer is: King Philip II of Spain.",King Philip II of Spain,Ferdinand Magellan,Miguel Lopez de Legazpi,Christopher Columbus,,A
General Information & the 1987 Constitution,Which holiday is celebrated on June 12 every year in the Philippines?,medium,"Per the 1987 Philippine Constitution / standard civics reference, the correct answer is: Independence Day.",Bonifacio Day,Independence Day,Rizal Day,National Heroes Day,,B
General Information & the 1987 Constitution,Which provision of the 1987 Constitution states that the separation of Church and State shall be inviolable?,medium,"Per the 1987 Philippine Constitution / standard civics reference, the correct answer is: Article II, Section 6.","Article II, Section 6","Article VI, Section 1","Article III, Section 5","Article XIV, Section 3",,A
General Information & the 1987 Constitution,Which Filipino leader is recognized as the first President of the Philippines?,medium,"Per the 1987 Philippine Constitution / standard civics reference, the correct answer is: Emilio Aguinaldo.",Manuel Quezon,Jose Rizal,Andres Bonifacio,Emilio Aguinaldo,,D
General Information & the 1987 Constitution,What name did the Spanish colonizers originally give to the Philippine islands?,medium,"Per the 1987 Philippine Constitution / standard civics reference, the correct answer is: King Philip II of Spain.",Christopher Columbus,Miguel Lopez de Legazpi,King Philip II of Spain,Ferdinand Magellan,,C
General Information & the 1987 Constitution,"Under Article IX-D, Section 1, COA is composed of a Chairman and how many Commissioners?",medium,"Per the 1987 Philippine Constitution / standard civics reference, the correct answer is: A Chairman and 2 Commissioners (3 total).",A Chairman and 2 Commissioners (3 total),A Chairman and 4 Commissioners (5 total),"A Chairman alone, with no Commissioners",A Chairman and 6 Commissioners (7 total),,A
General Information & the 1987 Constitution,"In what year was the Local Government Code of the Philippines enacted, implementing local autonomy?",easy,"Per the 1987 Philippine Constitution / standard civics reference, the correct answer is: 1991.",1997,1986,1991,1987,,C
General Information & the 1987 Constitution,"Republic Act 7160, the Local Government Code, took effect in what year?",easy,"Per the 1987 Philippine Constitution / standard civics reference, the correct answer is: 1991.",1986,1991,1997,1987,,B
General Information & the 1987 Constitution,What is the term of office of local elective officials such as governors and mayors?,easy,"Per the 1987 Philippine Constitution / standard civics reference, the correct answer is: 3 years.",6 years,4 years,2 years,3 years,,D
General Information & the 1987 Constitution,How does the Preamble of the 1987 Constitution begin?,medium,"Per the 1987 Philippine Constitution / standard civics reference, the correct answer is: ""We, the sovereign Filipino people..."".","""We hold these truths...""","""In the name of...""","""By the authority of the people...""","""We, the sovereign Filipino people...""",,D
General Information & the 1987 Constitution,What position leads the Philippine Supreme Court?,medium,"Per the 1987 Philippine Constitution / standard civics reference, the correct answer is: The Chief Justice.",The Solicitor General,The Chief Justice,The Ombudsman,The Senate President,,B
General Information & the 1987 Constitution,How many members make up the Philippine Supreme Court?,medium,"Per the 1987 Philippine Constitution / standard civics reference, the correct answer is: A Chief Justice and 14 Associate Justices (15 total).",A Chief Justice and 14 Associate Justices (15 total),A Chief Justice and 20 Associate Justices (21 total),A Chief Justice and 8 Associate Justices (9 total),A Chief Justice and 10 Associate Justices (11 total),,A
General Information & the 1987 Constitution,What is the name of the writ that questions the legality of a person's detention?,medium,"Per the 1987 Philippine Constitution / standard civics reference, the correct answer is: The writ of habeas corpus.",The writ of habeas corpus,The writ of mandamus,The writ of injunction,The writ of certiorari,,A
General Information & the 1987 Constitution,The renunciation of war as an instrument of national policy is found in which article and section?,medium,"Per the 1987 Philippine Constitution / standard civics reference, the correct answer is: Article II, Section 2.","Article III, Section 1","Article XVIII, Section 1","Article VII, Section 1","Article II, Section 2",,D
General Information & the 1987 Constitution,"What nuclear policy does the 1987 Constitution adopt under Article II, Section 8?",medium,"Per the 1987 Philippine Constitution / standard civics reference, the correct answer is: A policy of freedom from nuclear weapons in its territory.",No policy on nuclear weapons is stated,A policy of freedom from nuclear weapons in its territory,A policy of active nuclear weapons development,A policy allowing foreign nuclear bases only,,B
General Information & the 1987 Constitution,Which writ protects a person against illegal detention or imprisonment?,medium,"Per the 1987 Philippine Constitution / standard civics reference, the correct answer is: The writ of habeas corpus.",The writ of mandamus,The writ of habeas corpus,The writ of injunction,The writ of certiorari,,B
General Information & the 1987 Constitution,What is the official currency of the Philippines?,medium,"Per the 1987 Philippine Constitution / standard civics reference, the correct answer is: The Philippine peso.",The Philippine peso,The Philippine rupiah,The Philippine ringgit,The Philippine dollar,,A
General Information & the 1987 Constitution,"Under the 1987 Constitution, is the President eligible for reelection?",medium,"Per the 1987 Philippine Constitution / standard civics reference, the correct answer is: No, the President is not eligible for any reelection.","No, the President is not eligible for any reelection","Yes, for two more terms","Yes, without limit","Yes, for one more term",,A
General Information & the 1987 Constitution,The 1973 Constitution was ratified during which period of Philippine history?,medium,"Per the 1987 Philippine Constitution / standard civics reference, the correct answer is: Under President Ferdinand Marcos, during Martial Law.",Under American colonial rule,"Under President Manuel Quezon, during the Commonwealth","Under President Ferdinand Marcos, during Martial Law","Under President Corazon Aquino, after EDSA",,C
General Information & the 1987 Constitution,Which policy on nuclear weapons does the Philippines pursue under the 1987 Constitution?,medium,"Per the 1987 Philippine Constitution / standard civics reference, the correct answer is: A policy of freedom from nuclear weapons in its territory.",No policy on nuclear weapons is stated,A policy of freedom from nuclear weapons in its territory,A policy of active nuclear weapons development,A policy allowing foreign nuclear bases only,,B
General Information & the 1987 Constitution,Which article of the 1987 Constitution covers Social Justice and Human Rights?,easy,"Per the 1987 Philippine Constitution / standard civics reference, the correct answer is: Article XIII.",Article XIII,Article III,Article XV,Article X,,A
General Information & the 1987 Constitution,Social Justice and Human Rights provisions are found in which article?,easy,"Per the 1987 Philippine Constitution / standard civics reference, the correct answer is: Article XIII.",Article III,Article XV,Article XIII,Article X,,C
General Information & the 1987 Constitution,How many consecutive terms may a Philippine Senator serve?,medium,"Per the 1987 Philippine Constitution / standard civics reference, the correct answer is: A maximum of two consecutive terms.",A maximum of two consecutive terms,A maximum of one term,A maximum of three consecutive terms,No term limit,,A
General Information & the 1987 Constitution,Is the Congress of the Philippines unicameral or bicameral?,medium,"Per the 1987 Philippine Constitution / standard civics reference, the correct answer is: Bicameral, composed of the Senate and the House of Representatives.",Tricameral,"Bicameral, composed of the House and the Judiciary","Bicameral, composed of the Senate and the House of Representatives","Unicameral, a single National Assembly",,C
General Information & the 1987 Constitution,What is the term of office of the Philippine President under the 1987 Constitution?,easy,"Per the 1987 Philippine Constitution / standard civics reference, the correct answer is: 6 years.",5 years,8 years,6 years,4 years,,C
General Information & the 1987 Constitution,What position leads and presides over sessions of the Senate?,medium,"Per the 1987 Philippine Constitution / standard civics reference, the correct answer is: The Senate President.",The Vice President always,The Speaker of the House,The Chief Justice,The Senate President,,D
General Information & the 1987 Constitution,How long is a single presidential term under the 1987 Constitution?,easy,"Per the 1987 Philippine Constitution / standard civics reference, the correct answer is: 6 years.",4 years,8 years,5 years,6 years,,D
General Information & the 1987 Constitution,"Under Article VII, Section 2, how old must a presidential candidate be on election day, at the least?",medium,"Per the 1987 Philippine Constitution / standard civics reference, the correct answer is: At least 40 years old.",At least 50 years old,At least 35 years old,At least 40 years old,At least 45 years old,,C
